Rk,Player,Age,Pos,G,GS,MP,FG,FGA,FG%,3P,3PA,3P%,2P,2PA,2P%,eFG%,FT,FTA,FT%,ORB,DRB,TRB,AST,STL,BLK,TOV,PF,PTS,Awards,TEAM,PADP,DADP
2,Victor Wembanyama,21,C,46,46,33.2,8.9,18.6,0.476,3.1,8.8,0.352,5.8,9.9,0.586,0.559,3.4,4.1,0.836,1.8,9.2,11,3.7,1.1,3.8,3.2,2.3,24.3,,SAS,1.9,1.9
1,Nikola Jokić,29,C,70,70,36.7,11.2,19.5,0.576,2,4.7,0.417,9.3,14.8,0.627,0.627,5.2,6.4,0.8,2.9,9.9,12.7,10.2,1.8,0.6,3.3,2.3,29.6,,DEN,2.3,2.2
0,Luka Dončić,25,PG,50,50,35.4,9.2,20.5,0.449,3.5,9.6,0.365,5.7,10.9,0.523,0.5,6.2,7.9,0.785,0.8,7.4,8.2,7.6,1.8,0.4,3.6,2.5,28.2,,LAL,3.7,3.7
1,Shai Gilgeous-Alexander,26,PG,76,76,34.2,11.3,21.8,0.519,2.1,5.7,0.375,9.2,16.1,0.571,0.569,7.9,8.8,0.898,0.9,4.1,5,6.4,1.7,1,2.4,2.2,32.7,,OKC,4.4,4.4
2,Giannis Antetokounmpo,30,PF,67,67,34.2,11.8,19.7,0.601,0.2,0.9,0.222,11.6,18.7,0.62,0.607,6.5,10.6,0.617,2.2,9.7,11.9,6.5,0.9,1.2,3.1,2.3,30.4,,MIL,6.7,6.7
0,Anthony Davis,31,PF,51,51,33.5,9.2,17.8,0.522,0.7,2.4,0.292,8.6,15.4,0.558,0.5,5.6,7.2,0.778,2.6,8.9,11.6,3.6,1.2,2.1,2.2,2,24.7,,DAL,7,6.9
1,Tyrese Haliburton,24,PG,73,73,33.6,6.5,13.8,0.473,3,7.7,0.388,3.5,6.1,0.581,0.582,2.6,3,0.851,0.6,3,3.5,9.2,1.4,0.7,1.6,1.3,18.6,,IND,7.9,8.1
1,Jayson Tatum,26,PF,72,72,36.4,9.2,20.3,0.452,3.5,10.1,0.343,5.7,10.2,0.559,0.537,5,6.1,0.814,0.7,8,8.7,6,1.1,0.5,2.9,2.2,26.8,,BOS,9,8.8
1,Anthony Edwards,23,SG,79,79,36.3,9.1,20.4,0.447,4.1,10.3,0.395,5.1,10.1,0.501,0.547,5.3,6.3,0.837,0.8,4.9,5.7,4.5,1.2,0.6,3.2,1.9,27.6,,MIN,9.8,9.8
6,Joel Embiid,30,C,19,19,30.2,7.4,16.6,0.444,1.2,4.1,0.299,6.2,12.5,0.492,0.481,7.8,8.9,0.882,1.9,6.3,8.2,4.5,0.7,0.9,3.3,2.2,23.8,,PHI,11.4,12.1
1,Trae Young,26,PG,76,76,36,7.4,18.1,0.411,2.9,8.4,0.34,4.6,9.7,0.474,0.491,6.5,7.4,0.875,0.5,2.6,3.1,11.6,1.2,0.2,4.7,1.9,24.2,,ATL,12.1,12
2,Stephen Curry,36,PG,70,70,32.2,8.1,18,0.448,4.4,11.2,0.397,3.6,6.8,0.534,0.572,4,4.3,0.933,0.6,3.9,4.4,6,1.1,0.4,2.9,1.4,24.5,,GSW,12.5,12.5
4,Domantas Sabonis,28,C,70,70,34.7,7.5,12.8,0.59,0.9,2.2,0.417,6.6,10.5,0.627,0.627,3.1,4.1,0.754,3.8,10.1,13.9,6,0.7,0.4,2.9,3.3,19.1,,SAC,15.2,15.3
1,James Harden,35,PG,79,79,35.3,6.7,16.4,0.41,3,8.5,0.352,3.7,7.9,0.472,0.501,6.4,7.3,0.874,0.7,5.1,5.8,8.7,1.5,0.7,4.3,2.1,22.8,,LAC,15.6,15.3
1,Donovan Mitchell,28,SG,71,71,31.4,8.2,18.6,0.443,3.3,8.9,0.368,5,9.7,0.512,0.531,4.2,5.1,0.823,0.8,3.7,4.5,5,1.3,0.2,2.1,2,24,,CLE,16.7,16.6
6,Chet Holmgren,22,C,32,32,27.4,5.2,10.7,0.49,1.4,3.6,0.379,3.8,7,0.547,0.554,3.2,4.2,0.754,1.5,6.5,8,2,0.7,2.2,1.8,2.3,15,,OKC,17.8,18
1,Scottie Barnes,23,PF,65,65,32.8,7.3,16.4,0.446,1.2,4.3,0.271,6.1,12,0.508,0.482,3.5,4.6,0.755,1.7,6,7.7,5.8,1.4,1,2.8,1.7,19.3,,TOR,18.3,19
4,Jalen Brunson,28,PG,65,65,35.4,9,18.5,0.488,2.3,6.1,0.383,6.7,12.4,0.539,0.551,5.7,6.9,0.821,0.4,2.5,2.9,7.3,0.9,0.1,2.5,2.1,26,,NYK,18.9,19
2,Kevin Durant,36,PF,62,62,36.5,9.5,18.1,0.527,2.6,6,0.43,7,12.1,0.574,0.598,4.9,5.8,0.839,0.4,5.7,6,4.2,0.8,1.2,3.1,1.7,26.6,,PHO,19.1,19.2
5,Karl-Anthony Towns,29,C,72,72,35,8.9,16.9,0.526,2,4.7,0.42,6.9,12.2,0.567,0.584,4.7,5.7,0.829,2.9,9.8,12.8,3.1,1,0.7,2.7,3.5,24.4,,NYK,19.8,19.4
1,Devin Booker,28,SG,75,75,37.3,8.7,18.9,0.461,2.4,7.3,0.332,6.3,11.6,0.542,0.525,5.8,6.4,0.894,1,3.1,4.1,7.1,0.9,0.2,2.9,2.6,25.6,,PHO,20.8,21
2,LaMelo Ball,23,PG,47,47,32,8.6,21.3,0.405,3.8,11.2,0.339,4.8,10.1,0.478,0.494,4.1,4.9,0.843,1,3.9,4.9,7.4,1.1,0.3,3.6,3.3,25.2,,CHO,21.1,20.6
3,LeBron James,40,SF,70,70,34.9,9.3,18.1,0.513,2.1,5.7,0.376,7.2,12.5,0.574,0.571,3.7,4.7,0.782,1,6.8,7.8,8.2,1,0.6,3.7,1.4,24.4,,LAL,24.4,24.3
1,Damian Lillard,34,PG,58,58,36.1,7.7,17.1,0.448,3.4,9,0.376,4.3,8.1,0.528,0.547,6.2,6.8,0.921,0.5,4.2,4.7,7.1,1.2,0.2,2.8,1.7,24.9,,MIL,24.9,24.9
1,Kyrie Irving,32,SG,50,50,36.1,8.9,18.9,0.473,2.9,7.2,0.401,6.1,11.7,0.517,0.549,3.9,4.3,0.916,1.2,3.6,4.8,4.6,1.3,0.5,2.2,2,24.7,,DAL,26.5,26.3
1,Tyrese Maxey,24,PG,52,52,37.7,9.2,21,0.437,3.1,9.2,0.337,6.1,11.8,0.515,0.511,4.9,5.6,0.879,0.3,3.1,3.3,6.1,1.8,0.4,2.4,2.2,26.3,,PHI,26.5,26.4
0,De'Aaron Fox,27,PG,62,62,36.2,8.7,18.8,0.463,1.9,6.2,0.306,6.8,12.6,0.54,0.5,4.2,5.1,0.824,0.9,3.9,4.8,6.3,1.5,0.4,2.8,2.6,23.5,,SAS,26.6,26.8
5,Alperen Şengün,22,C,76,76,31.5,7.5,15,0.496,0.3,1.2,0.233,7.2,13.9,0.519,0.505,3.9,5.6,0.692,3.4,6.9,10.3,4.9,1.1,0.8,2.6,2.8,19.1,,HOU,27.3,27.1
2,Lauri Markkanen,27,PF,47,47,31.4,6.3,14.9,0.423,2.9,8.5,0.346,3.4,6.4,0.525,0.521,3.4,3.9,0.876,1.5,4.4,5.9,1.5,0.7,0.4,1.4,1.7,19,,UTA,29.8,30
2,Bam Adebayo,27,C,78,78,34.3,6.9,14.3,0.485,1,2.8,0.357,5.9,11.4,0.517,0.521,3.2,4.2,0.765,2.4,7.2,9.6,4.3,1.3,0.7,2.1,2.1,18.1,,MIA,32.2,32.4
1,Cade Cunningham,23,PG,70,70,35,9.8,20.8,0.469,2.1,6,0.356,7.6,14.8,0.515,0.521,4.5,5.3,0.846,0.8,5.3,6.1,9.1,1,0.8,4.4,2.8,26.1,,DET,33.4,33
2,Ja Morant,25,PG,50,50,30.4,8.1,17.8,0.454,1.8,5.7,0.309,6.3,12.1,0.523,0.504,5.3,6.4,0.824,0.7,3.4,4.1,7.3,1.2,0.2,3.7,2.3,23.2,,MEM,34.6,34.6
1,Paolo Banchero,22,PF,46,46,34.4,9,19.8,0.452,1.9,5.9,0.32,7.1,13.9,0.509,0.5,6.1,8.4,0.727,1.1,6.4,7.5,4.8,0.8,0.6,3,2.1,25.9,,ORL,34.7,35.1
4,Paul George,34,PF,41,41,32.5,6,13.9,0.43,2.3,6.5,0.358,3.6,7.4,0.493,0.514,1.9,2.4,0.814,0.6,4.8,5.3,4.3,1.8,0.5,2.6,2.5,16.2,,PHI,35,35.5
4,Dejounte Murray,28,PG,31,31,32.6,6.3,15.9,0.393,1.7,5.6,0.299,4.6,10.3,0.444,0.445,3.3,4,0.823,0.5,5.9,6.5,7.4,2,0.4,3.4,2,17.5,,NOP,35.6,37
2,Jalen Williams,23,SG,69,69,32.4,8.2,16.9,0.484,1.8,4.9,0.365,6.4,12,0.533,0.537,3.4,4.3,0.789,0.9,4.5,5.3,5.1,1.6,0.7,2.2,2.3,21.6,,OKC,35.8,35.5
3,Jaren Jackson Jr.,25,C,74,74,29.8,8,16.4,0.488,2,5.3,0.375,6,11.1,0.541,0.548,4.2,5.4,0.781,1.2,4.4,5.6,2,1.2,1.5,2.1,3.5,22.2,,MEM,37.3,37.6
1,Fred VanVleet,30,PG,60,60,35.2,4.8,12.7,0.378,2.7,7.7,0.345,2.1,5,0.43,0.483,1.9,2.3,0.81,0.5,3.2,3.7,5.6,1.6,0.4,1.5,2.3,14.1,,HOU,38.3,38.6
3,Evan Mobley,23,PF,71,71,30.5,7.1,12.8,0.557,1.2,3.2,0.37,5.9,9.5,0.621,0.604,3.1,4.3,0.725,2.3,7,9.3,3.2,0.9,1.6,2,2,18.5,,CLE,38.5,38
2,Jaylen Brown,28,SF,63,63,34.3,8.2,17.7,0.463,1.8,5.7,0.324,6.4,12.1,0.529,0.515,3.9,5.1,0.764,1.3,4.5,5.8,4.5,1.2,0.3,2.6,2.4,22.2,,BOS,40.6,40.4
2,Jalen Johnson,23,SF,36,36,35.7,7.5,15.1,0.5,1.2,3.9,0.312,6.3,11.1,0.566,0.541,2.6,3.5,0.746,1.7,8.3,10,5,1.6,1,2.9,1.9,18.9,,ATL,41.6,41.4
1,Desmond Bane,26,SG,69,68,32,7.1,14.8,0.484,2.4,6.1,0.392,4.8,8.7,0.548,0.565,2.6,2.9,0.894,0.9,5.2,6.1,5.3,1.2,0.4,2.4,2.4,19.2,,MEM,43.5,43.6
3,Myles Turner,28,C,72,72,30.2,5.4,11.3,0.481,2.2,5.5,0.396,3.3,5.8,0.561,0.577,2.6,3.3,0.773,1.3,5.3,6.5,1.5,0.8,2,1.7,2.5,15.6,,IND,44.7,44.9
0,Jimmy Butler,35,SF,55,55,31.7,5.5,10.8,0.505,0.6,1.9,0.316,4.9,9,0.544,0.5,6,7.1,0.845,2.3,3.1,5.4,5.4,1.4,0.3,1.4,1,17.5,,GSW,45.4,45.1
2,Franz Wagner,23,SF,60,60,33.7,9,19.4,0.463,1.7,5.9,0.295,7.2,13.5,0.535,0.507,4.5,5.2,0.871,0.9,4.8,5.7,4.7,1.3,0.4,2.3,2.5,24.2,,ORL,46.1,46
6,Zion Williamson,24,PF,30,30,28.6,9.6,16.9,0.567,0.1,0.4,0.231,9.5,16.5,0.576,0.57,5.3,8,0.656,2.5,4.7,7.2,5.3,1.2,0.9,3,2.7,24.6,,NOP,46.4,46.7
2,Rudy Gobert,32,C,72,72,33.2,4.7,7.1,0.669,0,0,,4.7,7.1,0.669,0.669,2.6,3.8,0.674,3.7,7.2,10.9,1.8,0.8,1.4,1.2,2.5,12,,MIN,46.4,46.8
2,Pascal Siakam,30,PF,78,78,32.7,7.9,15.2,0.519,1.6,4.2,0.389,6.2,11,0.568,0.572,2.9,3.9,0.734,1.7,5.2,6.9,3.4,0.9,0.5,1.4,2.4,20.2,,IND,48,47.9
3,Derrick White,30,SG,76,76,33.9,5.6,12.6,0.442,3.5,9.1,0.384,2.1,3.5,0.593,0.58,1.8,2.1,0.839,0.9,3.6,4.5,4.8,0.9,1.1,1.7,1.8,16.4,,BOS,48.3,47.8
5,Immanuel Quickley,25,PG,33,33,27.8,5.6,13.3,0.42,2.6,6.8,0.378,3,6.5,0.465,0.517,3.4,3.9,0.867,0.5,3.1,3.5,5.8,0.7,0.1,1.8,1.8,17.1,,TOR,52.8,53.5
4,Jarrett Allen,26,C,82,82,28,5.5,7.8,0.706,0,0.1,0,5.5,7.7,0.712,0.706,2.4,3.4,0.718,2.6,7.1,9.7,1.9,0.9,0.9,1.2,1.5,13.5,,CLE,53.2,53
6,Jalen Duren,21,C,78,78,26.1,4.8,7,0.692,0,0,,4.8,7,0.692,0.692,2.1,3.1,0.669,3.6,6.8,10.3,2.7,0.7,1.1,1.7,3.2,11.8,,DET,53.6,53.9
2,Mikal Bridges,28,SF,82,82,37,7.2,14.4,0.5,2,5.6,0.354,5.2,8.8,0.594,0.57,1.2,1.4,0.814,0.9,2.3,3.2,3.7,0.9,0.5,1.6,1.5,17.6,,NYK,53.7,53.9
2,Jamal Murray,27,PG,67,67,36.1,7.9,16.7,0.474,2.3,5.9,0.393,5.6,10.8,0.518,0.543,3.3,3.7,0.886,0.7,3.2,3.9,6,1.4,0.5,2.1,1.9,21.4,,DEN,54,54.2
3,DeMar DeRozan,35,SF,77,77,35.9,8.1,17,0.477,1.1,3.3,0.328,7,13.7,0.513,0.509,4.9,5.7,0.857,0.6,3.2,3.9,4.4,0.8,0.4,1.4,1.9,22.2,,SAC,54.3,54.1
3,Nikola Vučević,34,C,73,72,31.2,7.5,14.2,0.53,1.8,4.4,0.402,5.8,9.8,0.587,0.592,1.6,2,0.805,2.4,7.6,10.1,3.5,0.8,0.7,1.6,2.2,18.5,,CHI,54.7,54.5
4,Kawhi Leonard,33,SF,37,37,31.9,8.4,16.8,0.498,2.1,5.1,0.411,6.3,11.7,0.536,0.56,2.6,3.3,0.81,0.9,5,5.9,3.1,1.6,0.5,1.9,1.5,21.5,,LAC,55.3,56.2
3,Miles Bridges,26,PF,64,64,31.7,7.3,17,0.431,2.2,7,0.313,5.1,10,0.513,0.495,3.5,4,0.87,1.1,6.4,7.5,3.9,0.7,0.7,2.1,1.5,20.3,,CHO,59,59.7
5,Deandre Ayton,26,C,40,40,30.2,6.6,11.7,0.566,0.2,0.8,0.188,6.5,10.9,0.594,0.573,1,1.5,0.667,3.1,7.1,10.2,1.6,0.8,1,1.7,2.2,14.4,,POR,61.9,62.1
0,Zach LaVine,29,SF,74,74,35.2,8.4,16.5,0.506,3.2,7.3,0.438,5.2,9.3,0.559,0.6,3.2,3.8,0.842,0.3,3.9,4.2,4.2,0.8,0.2,2.8,1.6,23.3,,SAC,62.1,61.7
2,Darius Garland,25,PG,75,75,30.7,7.4,15.7,0.472,2.8,7.1,0.401,4.6,8.6,0.53,0.562,3,3.4,0.878,0.6,2.2,2.9,6.7,1.2,0.1,2.5,1.9,20.6,,CLE,62.4,62.1
3,Julius Randle,30,PF,69,69,32.3,6.6,13.6,0.485,1.6,4.6,0.344,5,9.1,0.555,0.542,3.9,4.9,0.806,2.1,5,7.1,4.7,0.7,0.2,2.8,2.5,18.7,,MIN,62.5,62.1
1,Brandon Miller,22,SF,27,27,34.2,7.3,18.2,0.403,3.9,10.9,0.355,3.5,7.3,0.475,0.509,2.5,2.9,0.861,0.9,3.9,4.9,3.6,1.1,0.7,2.8,2.7,21,,CHO,62.8,63.5
2,Tobias Harris,32,PF,73,73,31.6,5.3,11,0.477,1.2,3.6,0.345,4,7.4,0.542,0.534,2,2.3,0.861,0.9,5,5.9,2.2,1,0.8,1.2,1.9,13.7,,DET,64.3,64.7
7,Nic Claxton,25,C,70,62,26.9,4.6,8.1,0.563,0.1,0.3,0.238,4.5,7.8,0.576,0.568,1.1,2.2,0.513,2.2,5.1,7.4,2.2,0.9,1.4,1.2,2.1,10.3,,BRK,64.4,65.3
2,Brandon Ingram,27,SF,18,18,33.1,8.6,18.5,0.465,2.4,6.4,0.374,6.2,12.1,0.514,0.53,2.6,3.1,0.855,0.9,4.6,5.6,5.2,0.9,0.6,3.8,2.5,22.2,,NOP,68.1,67.4
5,Josh Giddey,22,PG,70,69,30.2,5.3,11.4,0.465,1.5,4,0.378,3.8,7.4,0.512,0.531,2.5,3.2,0.781,1.8,6.3,8.1,7.2,1.2,0.6,2.9,1.7,14.6,,CHI,68.4,69
3,Cam Thomas,23,SG,25,23,31.2,8,18.2,0.438,2.7,7.8,0.349,5.2,10.4,0.506,0.513,5.3,6,0.881,0.6,2.7,3.3,3.8,0.6,0.1,2.5,1.8,24,,BRK,69.5,69
3,Bradley Beal,31,SG,53,38,32.1,6.5,13.1,0.497,1.9,5,0.386,4.6,8.1,0.565,0.571,2.1,2.6,0.803,0.6,2.7,3.3,3.7,1.1,0.5,1.9,2.6,17,,PHO,71.6,71.8
4,Michael Porter Jr.,26,SF,77,77,33.7,6.9,13.6,0.504,2.5,6.4,0.395,4.4,7.3,0.599,0.596,1.9,2.5,0.768,1.8,5.2,7,2.1,0.6,0.5,1.4,2,18.2,,DEN,72.5,72.8
0,D'Angelo Russell,28,PG,58,36,25.5,4.2,11,0.391,1.9,6.2,0.306,2.4,4.8,0.5,0.5,2.1,2.5,0.84,0.3,2.5,2.8,5.2,1,0.4,1.9,2,12.7,,BRK,74.5,75.2
2,Anfernee Simons,25,SG,70,70,32.7,6.8,16.1,0.426,3.1,8.5,0.363,3.8,7.6,0.496,0.521,2.5,2.8,0.902,0.4,2.3,2.7,4.8,0.9,0.1,2,1.7,19.3,,POR,77.6,77.8
4,Jrue Holiday,34,PG,62,62,30.6,4.1,9.2,0.443,1.7,4.9,0.353,2.4,4.3,0.547,0.538,1.1,1.2,0.909,1.2,3,4.3,3.9,1.1,0.4,1.2,1.6,11.1,,BOS,79.5,79.8
3,OG Anunoby,27,PF,74,74,36.6,6.6,13.9,0.476,2.3,6.2,0.372,4.3,7.7,0.561,0.559,2.5,3.1,0.81,1.3,3.5,4.8,2.2,1.5,0.9,1.4,2.3,18,,NYK,80.1,79.7
6,Jabari Smith Jr.,21,PF,57,39,30.1,4.4,9.9,0.438,1.7,4.9,0.354,2.6,5.1,0.519,0.525,1.8,2.2,0.825,1.8,5.2,7,1.1,0.4,0.7,1.1,2.2,12.2,,HOU,80.1,80.8
4,Brook Lopez,36,C,80,80,31.8,4.9,9.7,0.509,1.7,4.7,0.373,3.2,5,0.636,0.599,1.4,1.7,0.826,1.4,3.6,5,1.8,0.6,1.9,1.1,2.1,13,,MIL,80.3,80.5
1,Tyler Herro,25,SG,77,77,35.4,8.5,17.9,0.472,3.3,8.7,0.375,5.2,9.2,0.565,0.563,3.7,4.2,0.878,0.5,4.7,5.2,5.5,0.9,0.2,2.6,1.1,23.9,,MIA,80.9,80.7
4,Isaiah Hartenstein,26,C,57,53,27.9,4.9,8.4,0.581,0,0.3,0,4.9,8.1,0.605,0.581,1.4,2.1,0.675,2.9,7.9,10.7,3.8,0.8,1.1,1.7,3,11.2,,OKC,81,82
5,Keegan Murray,24,PF,76,76,34.3,4.8,10.8,0.444,2,5.9,0.343,2.8,4.9,0.566,0.538,0.8,0.9,0.833,1.9,4.8,6.7,1.4,0.8,0.9,0.8,2.4,12.4,,SAC,81.8,82.3
0,Jusuf Nurkić,30,C,51,32,20.8,3.3,6.9,0.471,0.6,2.1,0.286,2.7,4.9,0.551,0.5,1.6,2.5,0.64,1.6,6.1,7.8,2.3,0.8,0.7,1.9,2.5,8.9,,CHO,83.9,84.3
3,Devin Vassell,24,SG,64,53,31,6.2,13.9,0.443,2.5,6.7,0.368,3.7,7.2,0.513,0.532,1.5,1.9,0.792,0.5,3.5,4,2.9,1.3,0.5,1.4,1.7,16.3,,SAS,84.9,85.7
4,Walker Kessler,23,C,58,58,30,4.8,7.2,0.663,0.1,0.6,0.176,4.7,6.6,0.706,0.671,1.4,2.6,0.52,4.6,7.6,12.2,1.7,0.6,2.4,1.5,2.2,11.1,,UTA,85,83.6
3,Jordan Poole,25,SG,68,68,29.4,6.7,15.5,0.432,3.5,9.1,0.378,3.3,6.4,0.51,0.544,3.6,4,0.883,0.5,2.5,3,4.5,1.3,0.4,3,3,20.5,,WAS,85,84.1
0,Kyle Kuzma,29,PF,65,62,29.8,5.7,13,0.438,1.5,4.8,0.312,4.2,8.2,0.512,0.5,2,3.2,0.625,0.8,4.8,5.7,2.3,0.5,0.3,2.2,1.8,14.8,,MIL,85.1,86.2
2,Coby White,24,SG,74,73,33.1,6.9,15.1,0.453,2.9,7.9,0.37,3.9,7.3,0.544,0.55,3.7,4.1,0.902,0.3,3.4,3.7,4.5,0.9,0.2,2.4,2.1,20.4,,CHI,85.3,85
2,Ivica Zubac,27,C,80,80,32.8,7.4,11.8,0.628,0,0,,7.4,11.8,0.628,0.628,2,3,0.661,3.8,8.9,12.6,2.7,0.7,1.1,1.6,2.1,16.8,,LAC,85.7,83.8
3,CJ McCollum,33,PG,56,56,32.7,7.9,17.9,0.444,3.1,8.2,0.373,4.9,9.7,0.505,0.53,2.2,3.1,0.717,0.8,3,3.8,4.1,0.8,0.4,1.9,2.2,21.1,,NOP,87.3,87.2
2,Austin Reaves,26,SG,73,73,34.9,6.5,14.2,0.46,2.7,7.3,0.377,3.8,6.9,0.547,0.556,4.4,5,0.877,0.8,3.7,4.5,5.8,1.1,0.3,2.4,2.1,20.2,,LAL,88.4,87.8
0,Jonas Valančiūnas,32,C,81,21,18.8,4.3,7.7,0.551,0.1,0.5,0.2,4.2,7.3,0.575,0.6,1.8,2,0.9,2.3,5.4,7.7,2,0.4,0.6,1.5,2.2,10.4,,SAC,90.1,91.1
7,Jonathan Kuminga,22,PF,47,10,24.3,5.5,12.1,0.454,1,3.2,0.305,4.5,8.9,0.508,0.495,3.3,5,0.668,1.2,3.4,4.6,2.2,0.8,0.4,1.5,1.9,15.3,,GSW,90.2,90.9
0,Bogdan Bogdanović,32,SG,54,4,25,3.9,9.1,0.413,1.9,5.4,0.352,1.9,3.8,0.5,0.5,1.1,1.2,0.917,0.4,2.5,3,2.7,0.7,0.2,1.3,2.3,10.8,,LAC,91.2,92.5
2,Jalen Green,22,SG,82,82,32.9,7.4,17.5,0.423,2.9,8.1,0.354,4.6,9.5,0.482,0.505,3.3,4.1,0.813,0.5,4,4.6,3.4,0.9,0.3,2.5,1.5,21,,HOU,91.3,90.5
3,Jakob Poeltl,29,C,57,56,29.6,6.4,10.2,0.627,0,0.1,0.333,6.4,10.1,0.628,0.628,1.7,2.5,0.674,3.3,6.3,9.6,2.8,1.2,1.2,1.9,3.1,14.5,,TOR,93.5,93.1
5,Collin Sexton,26,SG,63,61,27.9,6.6,13.8,0.48,1.7,4.3,0.406,4.9,9.5,0.513,0.543,3.4,4,0.865,1,1.8,2.7,4.2,0.7,0.1,2.5,2.3,18.4,,UTA,93.5,94
5,Herbert Jones,26,SF,20,20,32.4,3.8,8.6,0.436,1.1,3.6,0.306,2.7,5,0.53,0.5,1.7,2,0.825,1.1,2.8,3.9,3.3,1.9,0.5,1.8,3.3,10.3,,NOP,95.2,96.5
1,Trey Murphy III,24,SF,53,51,35,7.2,15.8,0.454,3,8.3,0.361,4.2,7.6,0.556,0.548,3.8,4.3,0.887,0.9,4.2,5.1,3.5,1.1,0.7,1.9,2.1,21.2,,NOP,96.4,96.6
5,Naz Reid,25,C,80,17,27.5,5.3,11.5,0.462,2.2,5.8,0.379,3.1,5.8,0.544,0.556,1.4,1.8,0.776,1.2,4.9,6,2.3,0.7,0.9,1.4,2.4,14.2,,MIN,96.8,96.9
7,Zach Edey,22,C,66,55,21.5,3.8,6.6,0.58,0.3,0.8,0.346,3.5,5.8,0.612,0.6,1.4,1.9,0.709,3.5,4.8,8.3,1,0.5,1.3,1.3,2.8,9.2,,MEM,97.7,98.1
4,Draymond Green,34,PF,68,66,29.2,3.2,7.5,0.424,1.2,3.6,0.325,2,3.9,0.517,0.503,1.5,2.2,0.687,1.1,5,6.1,5.6,1.5,1,2.6,3.2,9,,GSW,100.8,100.6
6,Mark Williams,23,C,44,41,26.6,6.1,10.2,0.604,0,0.1,0,6.1,10.1,0.609,0.604,3,3.7,0.804,3,7.2,10.2,2.5,0.7,1.2,1.6,2.4,15.3,,CHO,100.8,101.8
9,Alex Caruso,30,SG,54,3,19.3,2.6,5.8,0.446,1.1,3.1,0.353,1.5,2.7,0.556,0.541,0.8,0.9,0.824,0.7,2.2,2.9,2.5,1.6,0.6,0.7,1.9,7.1,,OKC,101.9,102.6
4,Jalen Suggs,23,PG,35,35,28.6,5.6,13.7,0.41,2.2,6.9,0.314,3.5,6.8,0.506,0.489,2.8,3.1,0.882,0.7,3.4,4,3.7,1.5,0.9,2.9,2.8,16.2,,ORL,102.8,102
5,Kristaps Porziņģis,29,C,42,42,28.8,6.6,13.7,0.483,2.5,6,0.412,4.1,7.7,0.537,0.572,3.8,4.7,0.809,1.6,5.1,6.8,2.1,0.7,1.5,1.3,2.8,19.5,,BOS,104.4,104.1
12,Daniel Gafford,26,C,57,31,21.5,5,7.1,0.702,0,0,,5,7.1,0.702,0.702,2.4,3.4,0.689,2.7,4.1,6.8,1.4,0.4,1.8,1.2,2.7,12.3,,DAL,104.5,104.9
4,Chris Paul,39,PG,82,82,28,3,7.1,0.427,1.7,4.5,0.377,1.3,2.6,0.514,0.547,1,1.1,0.924,0.4,3.2,3.6,7.4,1.3,0.3,1.6,1.8,8.8,,SAS,104.8,104.1
6,Donte DiVincenzo,28,SG,62,10,25.9,4,9.6,0.422,2.8,7.1,0.397,1.2,2.5,0.49,0.568,0.8,1,0.778,0.5,3.2,3.7,3.6,1.2,0.3,1.6,1.8,11.7,,MIN,105.4,105.9
12,Clint Capela,30,C,55,41,21.4,4,7.1,0.559,0,0,0,4,7.1,0.56,0.559,0.9,1.8,0.536,3.2,5.4,8.5,1.1,0.6,1,0.9,1.9,8.9,,ATL,106.9,107.7
6,Terry Rozier,30,PG,64,23,25.9,3.9,9.9,0.391,1.4,4.8,0.295,2.5,5.1,0.48,0.462,1.4,1.7,0.852,0.7,3,3.7,2.6,0.6,0.2,1.2,1.1,10.6,,MIA,107.2,107.3
3,John Collins,27,PF,40,31,30.5,7,13.3,0.527,1.5,3.7,0.399,5.5,9.6,0.577,0.583,3.5,4.1,0.848,2.2,6,8.2,2,1,1,2.6,2.9,19,,UTA,107.5,107.7
2,RJ Barrett,24,SF,58,58,32.2,7.9,16.9,0.468,1.8,5.3,0.35,6.1,11.7,0.522,0.523,3.4,5.4,0.63,1.1,5.3,6.3,5.4,0.8,0.3,2.8,2.4,21.1,,TOR,108.3,108.2
7,Klay Thompson,34,SF,72,72,27.3,5,12.2,0.412,3,7.7,0.391,2,4.5,0.448,0.535,0.9,1,0.905,0.6,2.8,3.4,2,0.7,0.4,1.2,1.1,14,,DAL,108.9,108.2
9,Dereck Lively II,20,C,36,29,23.1,3.7,5.3,0.702,0,0,,3.7,5.3,0.702,0.702,1.3,2,0.63,2.9,4.6,7.5,2.4,0.6,1.6,1.1,2.8,8.7,,DAL,109,108.8
3,Jerami Grant,30,PF,47,47,32.4,4.6,12.2,0.373,2.3,6.3,0.365,2.3,5.9,0.381,0.467,3,3.5,0.849,0.6,2.9,3.5,2.1,0.9,1,1.4,2.3,14.4,,POR,109.7,109.2
0,Khris Middleton,33,SF,37,21,22.8,4.3,9.1,0.473,1.3,3.6,0.361,3,5.5,0.545,0.5,2,2.3,0.87,0.4,3.3,3.7,4,0.9,0.2,1.5,2,11.9,,WAS,113.6,114.4
5,Aaron Gordon,29,PF,51,42,28.4,5.2,9.7,0.531,1.5,3.4,0.436,3.7,6.4,0.582,0.607,2.8,3.5,0.81,1.6,3.3,4.8,3.2,0.5,0.3,1.4,1.6,14.7,,DEN,115.7,115.6
3,Amen Thompson,22,SF,69,42,32.2,5.6,10.1,0.557,0.4,1.3,0.275,5.3,8.8,0.599,0.575,2.4,3.6,0.684,2.8,5.4,8.2,3.8,1.4,1.3,2,2.4,14.1,,HOU,115.9,116.4
5,Brandin Podziemski,21,SG,64,33,26.8,4.4,9.8,0.445,1.8,4.8,0.372,2.6,5,0.516,0.537,1.1,1.5,0.758,1,4.1,5.1,3.4,1.1,0.2,1.2,1.5,11.7,,GSW,116.1,117
5,Onyeka Okongwu,24,C,74,40,27.9,5.2,9.2,0.567,0.6,2,0.324,4.6,7.2,0.634,0.602,2.2,2.9,0.759,3,5.9,8.9,2.3,0.9,0.9,1.2,2.6,13.4,,ATL,116.7,115.9
1,Josh Hart,29,SG,77,77,37.6,5.2,10,0.525,1.1,3.3,0.333,4.2,6.7,0.618,0.579,2.1,2.7,0.776,2.1,7.5,9.6,5.9,1.5,0.4,2.1,2.6,13.6,,NYK,116.7,116.3
4,Tyus Jones,28,PG,81,58,26.8,3.8,8.4,0.448,2,5,0.414,1.7,3.5,0.496,0.57,0.6,0.7,0.895,0.5,1.9,2.4,5.3,0.9,0.1,1.1,0.8,10.2,,PHO,117.3,117.3
7,Bobby Portis,29,PF,49,7,25.4,5.7,12.1,0.466,1.3,3.6,0.365,4.3,8.5,0.508,0.52,1.2,1.5,0.836,1.8,6.6,8.4,2.1,0.7,0.5,1.2,1.9,13.9,,MIL,117.9,118
1,Keyonte George,21,PG,67,35,31.5,5.4,13.7,0.391,2.6,7.6,0.343,2.8,6.1,0.449,0.485,3.5,4.3,0.818,0.4,3.4,3.8,5.6,0.7,0.1,2.7,1.7,16.8,,UTA,119.2,120.1
2,Cameron Johnson,28,PF,57,57,31.6,6.2,13.1,0.475,2.8,7.2,0.39,3.4,5.9,0.578,0.582,3.5,3.9,0.893,0.9,3.4,4.3,3.4,0.9,0.4,1.7,1.8,18.8,,BRK,122,121.3
6,Deni Avdija,24,SF,72,54,30,5.6,11.7,0.476,1.7,4.8,0.365,3.8,7,0.552,0.55,4,5.2,0.78,1.5,5.7,7.3,3.9,1,0.5,2.7,2.4,16.9,,POR,122.4,122.9
13,Trayce Jackson-Davis,24,C,62,37,15.6,2.8,4.9,0.576,0,0,0,2.8,4.8,0.582,0.576,1,1.6,0.578,2,3,5,1.7,0.4,0.6,0.7,1.2,6.6,,GSW,125.5,125.5
8,Buddy Hield,32,SG,82,22,22.7,4,9.6,0.417,2.5,6.7,0.37,1.5,2.9,0.527,0.546,0.6,0.8,0.828,0.6,2.6,3.2,1.6,0.8,0.3,1.1,1.6,11.1,,GSW,126.8,125.4
3,Jaden Ivey,22,SG,30,30,29.9,6.3,13.8,0.46,2.1,5.1,0.409,4.2,8.6,0.49,0.536,2.8,3.9,0.733,1.3,2.8,4.1,4,0.9,0.4,3,2.2,17.6,,DET,129.7,128.3
6,Malik Monk,26,SG,65,45,31.6,6.3,14.4,0.439,2.1,6.6,0.325,4.2,7.9,0.534,0.513,2.4,2.7,0.865,0.5,3.3,3.8,5.6,0.9,0.6,2.4,2.4,17.2,,SAC,130.7,130.7
0,Marcus Smart,30,PG,34,7,20,3,7.6,0.395,1.4,4.1,0.341,1.6,3.5,0.457,0.5,1.6,2.1,0.762,0.5,1.6,2.1,3.2,1.2,0.3,1.6,1.6,9,,WAS,130.9,131.2
3,Norman Powell,31,SG,60,60,32.6,7.6,15.8,0.484,3,7.1,0.418,4.6,8.6,0.538,0.578,3.6,4.4,0.804,0.4,2.8,3.2,2.1,1.2,0.2,1.8,1.9,21.8,,LAC,131.1,129.3
7,Scoot Henderson,20,PG,66,10,26.7,4.3,10.4,0.419,1.6,4.5,0.354,2.8,5.9,0.469,0.496,2.4,3.1,0.767,0.8,2.2,3,5.1,1,0.2,2.7,2.7,12.7,,POR,131.3,131.5
3,P.J. Washington,26,PF,57,56,32.2,5.3,11.7,0.453,1.6,4.2,0.381,3.7,7.5,0.493,0.521,2.5,3.5,0.722,1.4,6.3,7.8,2.3,1.1,1.1,2.1,2.3,14.7,,DAL,133.3,132.9
11,Jaime Jaquez Jr.,23,SF,66,17,20.7,3.2,7,0.461,0.6,1.8,0.311,2.7,5.2,0.513,0.501,1.6,2.2,0.754,1.3,3.1,4.4,2.5,0.9,0.2,1.5,1.2,8.6,,MIA,133.8,134.1
8,Mike Conley,37,PG,71,64,24.7,2.6,6.6,0.4,1.8,4.4,0.41,0.8,2.2,0.38,0.535,1.1,1.3,0.9,0.5,2.1,2.6,4.5,1.1,0.2,1.1,1.6,8.2,,MIN,134.2,134.5
5,Alex Sarr,19,C,67,67,27.1,4.9,12.4,0.394,1.6,5.1,0.308,3.3,7.3,0.454,0.457,1.7,2.5,0.679,1.9,4.6,6.5,2.4,0.7,1.5,1.7,2.2,13,,WAS,134.3,134
9,Jared McCain,20,SG,23,8,25.7,5.5,11.9,0.46,2.2,5.8,0.383,3.3,6.1,0.532,0.553,2.1,2.4,0.875,0.6,1.9,2.4,2.6,0.7,0,1.6,1.6,15.3,,PHI,136.5,132.5
8,Taylor Hendricks,21,PF,3,3,25,1.3,6,0.222,1,4,0.25,0.3,2,0.167,0.306,1,1.3,0.75,1.7,3.3,5,0.7,1.7,1.3,0.7,2.7,4.7,,UTA,136.6,136.6
7,Al Horford,38,C,60,42,27.7,3.3,7.7,0.423,1.9,5.2,0.363,1.4,2.5,0.551,0.547,0.6,0.6,0.895,1.3,4.8,6.2,2.1,0.6,0.9,0.8,1.4,9,,BOS,137.2,136.7
6,Grayson Allen,29,SG,64,7,24.1,3.4,7.6,0.448,2.3,5.5,0.426,1.1,2.2,0.504,0.6,1.5,1.8,0.816,0.5,2.5,3,2.1,0.8,0.3,1.2,1.5,10.6,,PHO,137.8,138.2
5,Rui Hachimura,26,PF,59,57,31.7,5,9.8,0.509,1.7,4.2,0.413,3.2,5.6,0.581,0.597,1.5,1.9,0.77,1.3,3.7,5,1.4,0.8,0.4,0.8,1.8,13.1,,LAL,137.9,136.3
11,Dalton Knecht,23,SF,78,16,19.2,3.3,7.1,0.461,1.6,4.4,0.376,1.7,2.8,0.594,0.576,0.8,1.1,0.762,0.5,2.3,2.8,0.8,0.3,0.1,0.5,1.2,9.1,,LAL,138,137.2
14,Kevon Looney,28,C,76,6,15,1.9,3.7,0.514,0,0.1,0.4,1.9,3.6,0.516,0.518,0.7,1.3,0.566,2.4,3.6,6.1,1.6,0.6,0.5,0.5,2,4.5,,GSW,138.2,137.8
20,Andre Drummond,31,C,40,23,18.8,2.9,5.9,0.5,0.1,0.5,0.15,2.9,5.4,0.533,0.506,1.4,2.3,0.622,2.7,5,7.8,0.9,1,0.5,1.4,2.4,7.3,,PHI,138.4,137.7
8,Ausar Thompson,22,SF,59,48,22.5,4.2,7.8,0.535,0.2,0.8,0.224,4,7,0.572,0.547,1.5,2.4,0.641,1.9,3.3,5.1,2.3,1.7,0.7,1.4,2.8,10.1,,DET,138.4,138.6
0,Ben Simmons,28,PG,51,24,22,2.3,4.4,0.523,0,0,,2.3,4.4,0.523,0.5,0.4,0.7,0.571,0.9,3.8,4.7,5.6,0.8,0.5,2,2.1,5,,LAC,138.5,138.6
9,Moses Moody,22,SG,74,34,22.3,3.3,7.7,0.433,1.7,4.6,0.374,1.6,3.1,0.519,0.544,1.4,1.8,0.797,0.7,1.9,2.6,1.3,0.8,0.4,0.7,1.6,9.8,,GSW,138.7,139
6,Aaron Nesmith,25,SF,45,37,25,4.3,8.4,0.507,1.9,4.3,0.431,2.4,4.1,0.587,0.617,1.6,1.8,0.913,0.8,3.1,4,1.2,0.8,0.4,0.8,2.5,12,,IND,139.1,139.3
0,Andrew Wiggins,29,SF,60,60,30.7,6.3,14,0.45,2.2,5.8,0.379,4.1,8.2,0.5,0.5,3.3,4.3,0.767,1.5,3,4.5,2.7,1,0.9,1.6,1.7,18,,MIA,139.3,138.1
6,Russell Westbrook,36,PG,75,36,27.9,5,11.1,0.449,1.3,3.9,0.323,3.7,7.2,0.517,0.505,2.1,3.1,0.661,1.4,3.6,4.9,6.1,1.4,0.5,3.2,2.5,13.3,,DEN,139.3,139
9,Zaccharie Risacher,19,SF,75,73,24.6,4.8,10.4,0.458,1.6,4.6,0.355,3.1,5.8,0.54,0.537,1.4,2,0.711,1.1,2.4,3.6,1.2,0.7,0.5,1.2,2,12.6,,ATL,139.4,139.2
6,Jordan Clarkson,32,SG,37,9,26,5.4,13.3,0.408,2.3,6.3,0.362,3.2,7.1,0.448,0.493,3.1,3.9,0.797,0.7,2.5,3.2,3.7,0.8,0.2,2.3,1.4,16.2,,UTA,139.4,139.4
22,Bronny James,20,SG,27,1,6.7,0.8,2.5,0.313,0.3,1.2,0.281,0.4,1.3,0.343,0.381,0.4,0.5,0.786,0.1,0.5,0.7,0.8,0.3,0.1,0.5,0.5,2.3,,LAL,139.4,137.4
4,Dillon Brooks,29,SF,75,75,31.8,5.1,11.9,0.429,2.5,6.3,0.397,2.6,5.7,0.465,0.533,1.3,1.6,0.818,1,2.7,3.7,1.7,0.8,0.2,1,3.2,14,,HOU,139.5,138.9
0,Dennis Schröder,31,PG,75,49,28.1,4.5,11,0.409,1.7,4.9,0.347,2.8,6.1,0.459,0.5,2.4,2.9,0.828,0.4,2.3,2.6,5.4,0.8,0.2,1.9,2.4,13.1,,DET,139.6,137.8
9,Steven Adams,31,C,58,3,13.7,1.6,2.9,0.545,0,0,0,1.6,2.8,0.552,0.545,0.7,1.6,0.462,2.9,2.8,5.6,1.1,0.4,0.5,0.9,1,3.9,,HOU,139.6,139.8
3,Luguentz Dort,25,SF,71,71,29.2,3.6,8.4,0.435,2.4,5.8,0.412,1.2,2.5,0.489,0.578,0.5,0.6,0.717,1.3,2.9,4.1,1.6,1.1,0.5,0.7,2.9,10.1,,OKC,139.7,139.6
11,Rob Dillingham,20,PG,49,1,10.5,1.9,4.3,0.441,0.5,1.5,0.338,1.4,2.8,0.496,0.5,0.2,0.3,0.533,0.2,0.8,1,2,0.4,0,1.1,0.8,4.5,,MIN,139.8,139.1
9,Moritz Wagner,27,C,30,1,18.8,4.7,8.3,0.562,0.9,2.5,0.36,3.8,5.8,0.649,0.616,2.6,3.7,0.718,1.3,3.6,4.9,1.4,0.8,0.4,1.6,1.8,12.9,,ORL,140.2,140
12,Reed Sheppard,20,PG,52,3,12.6,1.6,4.6,0.351,0.9,2.7,0.338,0.7,1.9,0.371,0.452,0.3,0.3,0.813,0.3,1.2,1.5,1.4,0.7,0.3,0.7,1,4.4,,HOU,140.6,140.7
4,Tim Hardaway Jr.,32,SG,77,77,28,3.6,8.8,0.406,2.2,5.9,0.368,1.4,2.9,0.484,0.529,1.6,1.9,0.855,0.2,2.1,2.4,1.6,0.5,0.1,0.6,1.2,11,,DET,140.7,140.8
9,Lonzo Ball,27,PG,35,14,22.2,2.5,6.9,0.366,1.9,5.6,0.344,0.6,1.4,0.458,0.504,0.6,0.8,0.815,0.7,2.7,3.4,3.3,1.3,0.5,1.2,1.6,7.6,,CHI,140.8,140.5
9,Donovan Clingan,20,C,67,37,19.8,2.7,5,0.539,0.2,0.7,0.286,2.5,4.3,0.582,0.56,0.9,1.6,0.596,3.2,4.6,7.9,1.1,0.5,1.6,1.1,2.8,6.5,,POR,140.8,140.6
7,Obi Toppin,26,PF,79,4,19.6,4,7.6,0.529,1.4,3.8,0.365,2.6,3.8,0.695,0.621,1.1,1.4,0.781,0.7,3.3,4,1.6,0.6,0.4,0.9,1.4,10.5,,IND,141,140.8
0,Kelly Olynyk,33,C,44,22,20.3,3.1,6.1,0.508,0.8,1.8,0.444,2.3,4.3,0.535,0.6,1.9,2.5,0.76,1.4,3.3,4.7,2.9,0.8,0.4,1.8,2.8,8.7,,NOP,141,141
9,Tre Mann,23,PG,13,0,24.5,5.4,12.4,0.435,1.8,4.6,0.4,3.5,7.8,0.455,0.509,1.5,1.6,0.905,0.9,2,2.9,3,0.5,0.3,1.9,1.8,14.1,,CHO,141.1,140.2
3,Kentavious Caldwell-Pope,31,SG,77,77,29.6,3.1,7.1,0.439,1.5,4.3,0.342,1.6,2.8,0.589,0.543,1.1,1.2,0.863,0.4,1.8,2.2,1.8,1.3,0.4,0.8,1.8,8.7,,ORL,141.1,141.2
0,Tre Jones,25,PG,46,9,19.7,2.8,5.2,0.549,0.4,1,0.4,2.4,4.1,0.585,0.6,1.2,1.5,0.8,0.7,1.8,2.5,4.2,0.8,0.2,0.8,1.2,7.2,,CHI,141.1,141.2
8,Julian Strawther,22,SG,65,4,21.3,3.2,7.5,0.432,1.4,4.1,0.349,1.8,3.3,0.535,0.529,1.1,1.4,0.822,0.3,1.9,2.2,1.3,0.6,0.2,0.9,2.3,9,,DEN,141.2,141.8
0,Dorian Finney-Smith,31,PF,63,40,28.9,3.1,6.9,0.449,2.1,5,0.42,1,1.9,0.526,0.6,0.5,0.7,0.714,1.3,2.7,3.9,1.5,0.9,0.4,0.9,2.2,8.7,,LAL,141.2,142.6
6,Stephon Castle,20,PG,81,47,26.7,5.2,12.2,0.428,1.2,4.1,0.285,4,8.1,0.501,0.476,3.1,4.2,0.724,1.1,2.6,3.7,4.1,0.9,0.3,2.2,2,14.7,,SAS,141.3,140.9
4,Ayo Dosunmu,25,SG,46,26,30.3,4.8,9.8,0.492,1.3,4.1,0.328,3.5,5.7,0.612,0.561,1.3,1.7,0.785,0.6,2.9,3.5,4.5,0.9,0.4,1.5,2.3,12.3,,CHI,141.3,141.3
7,Nikola Jović,21,PF,46,10,25.1,3.7,8.2,0.456,1.7,4.6,0.371,2,3.6,0.563,0.56,1.6,1.9,0.828,0.6,3.3,3.9,2.8,0.8,0.3,1.3,1.8,10.7,,MIA,141.6,138.8
10,Malcolm Brogdon,32,PG,24,13,23.5,4.3,10,0.433,0.7,2.3,0.286,3.7,7.7,0.478,0.467,3.4,3.8,0.88,0.9,2.9,3.8,4.1,0.5,0.2,1.6,1.3,12.7,,WAS,141.6,142
2,Kelly Oubre Jr.,29,SF,60,57,34.6,5.8,12.4,0.47,1.2,4,0.293,4.6,8.3,0.555,0.518,2.3,3.1,0.751,1.6,4.5,6.1,1.8,1.5,0.5,1.3,3,15.1,,PHI,141.7,140.8
0,Kyle Anderson,31,PF,61,4,16.4,2.3,5,0.469,0.4,1.1,0.364,1.9,3.8,0.5,0.5,0.8,1.1,0.727,0.9,2.5,3.4,2.4,0.7,0.6,0.6,1.3,5.9,,MIA,141.7,141
5,Andrew Nembhard,25,SG,65,65,28.9,3.8,8.3,0.458,0.8,2.7,0.291,3,5.6,0.538,0.506,1.7,2.1,0.794,0.5,2.8,3.3,5,1.2,0.2,1.7,2.3,10,,IND,141.7,142
4,Jaden McDaniels,24,PF,82,82,31.9,4.9,10.2,0.477,1.2,3.7,0.33,3.6,6.5,0.561,0.537,1.3,1.6,0.813,1.6,4.2,5.7,2,1.3,0.9,1.2,2.7,12.2,,MIN,141.9,141.7
7,Jeremy Sochan,21,PF,54,23,25.3,4.6,8.7,0.535,0.5,1.7,0.308,4.1,7,0.59,0.565,1.6,2.3,0.696,2.4,4.2,6.5,2.4,0.8,0.5,1.6,2.4,11.4,,SAS,142,141.1
5,Wendell Carter Jr.,25,C,68,51,25.9,3.3,7.2,0.46,0.5,2.3,0.234,2.8,4.9,0.568,0.498,1.9,2.6,0.737,2.2,5,7.2,2,0.8,0.6,1.1,2.9,9.1,,CHO,142,141.3
8,Cam Whitmore,20,SF,51,3,16.2,3.5,7.9,0.444,1.3,3.6,0.355,2.2,4.3,0.518,0.525,1.1,1.4,0.75,0.7,2.3,3,1,0.6,0.3,0.9,0.9,9.4,,HOU,142,141.7
4,Shaedon Sharpe,21,SG,72,52,31.3,6.9,15.3,0.452,2,6.6,0.311,4.9,8.8,0.557,0.519,2.6,3.4,0.785,0.9,3.6,4.5,2.8,0.9,0.2,2.1,1.7,18.5,,POR,142.1,142.1
9,Mitchell Robinson,26,C,17,3,17.1,2.2,3.3,0.661,0,0,,2.2,3.3,0.661,0.661,0.8,1.1,0.684,3.1,2.9,5.9,0.8,0.9,1.1,0.6,1.5,5.1,,NYK,142.1,142.2
4,Grant Williams,26,PF,16,7,29.9,3.4,7.7,0.439,1.7,4.6,0.365,1.7,3.1,0.551,0.549,1.9,2.3,0.838,1.1,4,5.1,2.3,1.1,0.8,1.8,2.9,10.4,,CHO,142.2,142.3
10,De'Anthony Melton,26,SG,6,2,20.2,3.7,9,0.407,2.2,5.8,0.371,1.5,3.2,0.474,0.528,0.8,1.3,0.625,1,2.3,3.3,2.8,1.2,0.3,1.7,3,10.3,,GSW,142.2,142.3
6,Payton Pritchard,27,PG,80,3,28.4,5.1,10.8,0.472,3.2,7.8,0.407,1.9,3,0.642,0.62,0.9,1.1,0.845,1.3,2.6,3.8,3.5,0.9,0.2,1,1.5,14.3,,BOS,142.4,136.9
0,Zach Collins,27,PF,64,12,15.3,2.4,4.8,0.5,0.5,1.7,0.294,1.9,3.1,0.613,0.5,1.1,1.2,0.917,1.6,2.9,4.5,1.7,0.4,0.4,0.9,2,6.3,,CHI,142.4,141.9
5,Harrison Barnes,32,PF,82,82,27.2,4.2,8.3,0.508,1.9,4.4,0.433,2.3,3.9,0.591,0.622,2,2.4,0.809,1.2,2.6,3.8,1.7,0.5,0.2,0.6,0.9,12.3,,SAS,142.5,142.4
12,Simone Fontecchio,29,SF,75,0,16.5,2,5,0.402,1,3,0.335,1,1.9,0.507,0.504,0.9,1.1,0.833,0.7,2.2,2.9,0.9,0.4,0.2,0.7,1.3,5.9,,DET,143,143.2
9,Duncan Robinson,30,SF,74,37,24.1,3.9,9,0.437,2.6,6.5,0.393,1.4,2.4,0.556,0.581,0.6,0.7,0.887,0.2,2,2.3,2.4,0.5,0.1,1.2,1.8,11,,MIA,143.2,142.7
8,Keldon Johnson,25,SF,77,0,23.9,4.8,10,0.482,1.1,3.6,0.318,3.7,6.4,0.573,0.538,1.9,2.5,0.773,1.5,3.4,4.8,1.6,0.6,0.3,1,1.5,12.7,,SAS,143.2,143.3
0,Marvin Bagley III,25,PF,31,2,8.5,1.8,3.4,0.529,0.1,0.6,0.167,1.7,2.8,0.607,0.5,0.8,1.1,0.727,1.2,1.5,2.7,0.4,0.3,0.3,0.4,0.6,4.4,,MEM,143.2,143.5
4,Bennedict Mathurin,22,SF,72,49,29.8,5.4,11.8,0.458,1.4,4,0.34,4.1,7.8,0.519,0.516,3.8,4.6,0.831,1.2,4.1,5.3,1.9,0.7,0.3,1.9,2.3,16.1,,IND,143.3,141.7
0,Caleb Martin,29,SF,45,24,27,2.9,6.8,0.426,0.9,2.3,0.391,2,4.5,0.444,0.5,1.4,2.2,0.636,1.2,2.8,3.9,2.1,1,0.5,1.2,1.9,7.9,,DAL,143.3,143.2
10,Kel'el Ware,20,C,64,36,22.2,4,7.3,0.554,0.5,1.7,0.315,3.5,5.5,0.629,0.592,0.7,1,0.687,1.8,5.6,7.4,0.9,0.6,1.1,0.9,1.7,9.3,,MIA,143.4,142.5
3,Christian Braun,23,SG,79,77,33.9,6,10.4,0.58,1.1,2.8,0.397,4.9,7.6,0.648,0.634,2.2,2.7,0.827,1.2,3.9,5.2,2.6,1.1,0.5,1,2.2,15.4,,DEN,143.5,132.9
4,Gradey Dick,21,SG,54,54,29.4,4.9,12,0.41,2.1,6,0.35,2.8,5.9,0.47,0.498,2.5,2.9,0.858,0.8,2.8,3.6,1.8,0.9,0.2,1.5,2.2,14.4,,TOR,143.5,140.1
5,Malik Beasley,28,SG,82,18,27.8,5.6,13.1,0.43,3.9,9.3,0.416,1.7,3.7,0.466,0.579,1.2,1.7,0.679,0.6,2,2.6,1.7,0.9,0.1,1,1.5,16.3,,DET,143.8,141
3,Dyson Daniels,21,SG,76,76,33.8,6,12.1,0.493,1.1,3.1,0.34,4.9,9.1,0.545,0.536,1.1,1.8,0.593,1.6,4.3,5.9,4.4,3,0.7,2,2.3,14.1,,ATL,144,136.2
6,Gary Trent Jr.,26,SG,74,9,25.6,3.8,8.9,0.431,2.4,5.9,0.416,1.4,3,0.46,0.568,1.1,1.2,0.848,0.3,2,2.3,1.2,1,0.1,0.6,1.7,11.1,,MIL,144,144.2
9,T.J. McConnell,32,PG,79,1,17.9,4.1,7.9,0.519,0.2,0.6,0.306,3.9,7.3,0.537,0.531,0.7,1,0.74,0.6,1.9,2.4,4.4,1.1,0.3,1.4,1,9.1,,IND,144,144.3
8,Sam Hauser,27,PF,71,19,21.7,3,6.7,0.451,2.3,5.6,0.416,0.7,1.1,0.64,0.627,0.2,0.2,1,0.6,2.5,3.2,0.9,0.6,0.2,0.3,1.2,8.5,,BOS,144.1,144.1
7,Tari Eason,23,PF,57,16,24.9,4.8,9.8,0.487,1.1,3.2,0.342,3.7,6.6,0.557,0.543,1.4,1.8,0.76,2.2,4.1,6.4,1.5,1.7,0.9,1.1,2.4,12,,HOU,144.2,142.5
14,Noah Clowney,20,PF,46,20,22.7,2.9,8.1,0.358,1.9,5.7,0.333,1,2.4,0.414,0.474,1.5,1.7,0.838,0.9,3,3.9,0.9,0.5,0.5,1,2.3,9.1,,BRK,144.2,144.1
11,Jonathan Isaac,27,PF,71,1,15.4,1.9,4.6,0.414,0.5,2.1,0.258,1.3,2.4,0.549,0.474,1,1.5,0.682,1.7,2.7,4.4,0.6,0.9,1.1,0.5,1.3,5.4,,ORL,144.4,144.4
0,Kevin Porter Jr.,24,SG,75,4,19.7,3.9,8.7,0.46,0.8,2.4,0.333,3.2,6.3,0.508,0.5,1.7,2.3,0.739,0.5,3.1,3.7,3.4,1.1,0.2,1.8,1.6,10.3,,MIL,144.5,144.5
11,Matas Buzelis,20,SF,80,31,18.9,3.2,6.9,0.454,1.2,3.3,0.361,2,3.6,0.54,0.541,1.1,1.4,0.815,0.7,2.8,3.5,1,0.4,0.9,0.9,1.6,8.6,,CHI,144.6,144.4
7,Precious Achiuwa,25,C,57,10,20.5,2.9,5.7,0.502,0.2,0.6,0.278,2.7,5.1,0.529,0.517,0.7,1.2,0.594,1.8,3.8,5.6,1,0.8,0.7,0.8,1.4,6.6,,NYK,144.7,144.7
0,Terance Mann,28,SG,67,13,21.1,3.1,6.2,0.492,0.9,2.4,0.375,2.1,3.7,0.568,0.6,0.7,1,0.7,1,2,3,1.8,0.7,0.2,0.7,1.9,7.7,,ATL,144.7,144.7
1,Bilal Coulibaly,20,SF,59,59,33,4.5,10.6,0.421,1.1,3.8,0.281,3.4,6.8,0.5,0.472,2.3,3.1,0.746,1.5,3.4,5,3.4,1.3,0.7,2.1,2.4,12.3,,WAS,144.8,138.5
10,Isaiah Stewart,23,C,72,4,19.9,2.4,4.4,0.559,0.2,0.7,0.321,2.2,3.6,0.607,0.586,0.9,1.2,0.759,1.8,3.7,5.5,1.7,0.4,1.4,0.9,2.5,6,,DET,144.8,144.5
0,Caris LeVert,30,SG,64,3,24.9,4.4,9.3,0.473,1.7,4.4,0.386,2.7,4.9,0.551,0.6,1.7,2.4,0.708,0.6,2.5,3.2,3.4,0.9,0.5,1.2,1.6,12.1,,ATL,145,145
5,Max Strus,28,SF,50,37,25.5,3.3,7.5,0.442,2.3,5.9,0.386,1,1.6,0.65,0.594,0.6,0.7,0.824,1.1,3.3,4.3,3.2,0.5,0.2,1.1,2.1,9.4,,CLE,145.1,145.3
8,Corey Kispert,25,SF,61,0,26.3,4.2,9.3,0.451,2,5.4,0.364,2.2,3.9,0.574,0.558,1.2,1.4,0.852,0.6,2.4,3,1.7,0.4,0.2,1,1.6,11.6,,WAS,145.2,145.2
12,Jalen Smith,24,C,64,2,15,3,6.4,0.466,1.1,3.5,0.324,1.8,2.9,0.634,0.554,1.1,1.4,0.809,1.4,4.2,5.6,1,0.3,0.7,0.6,1.5,8.2,,CHI,145.3,145.6
6,De'Andre Hunter,27,SF,64,9,27.2,5.6,11.9,0.47,2.5,6.1,0.405,3.1,5.8,0.537,0.596,3.4,4,0.837,0.7,3.3,4,1.4,0.8,0.2,1.3,2.4,17,,CLE,145.9,142.4
0,Nick Richards,27,C,57,43,22.1,3.6,6.1,0.6,0,0,,3.6,6,0.6,0.6,2.1,2.8,0.75,2.6,5.6,8.2,0.9,0.2,0.9,1.4,2.5,9.3,,PHO,146,141.4
12,Vince Williams Jr.,24,SG,27,5,18.5,2.5,6.2,0.401,1,3.5,0.274,1.5,2.7,0.569,0.479,0.7,0.9,0.792,0.8,2.8,3.6,2,0.4,0.3,1.2,1.7,6.6,,MEM,146.3,146.4
7,Keon Ellis,25,SG,80,28,24.4,2.8,5.8,0.489,1.7,4,0.433,1.1,1.8,0.615,0.639,0.9,1.1,0.849,0.8,1.9,2.7,1.5,1.5,0.8,0.9,2.2,8.3,,SAC,146.4,146.4
8,Patrick Williams,23,PF,63,36,25,3.3,8.2,0.397,1.5,4.3,0.353,1.7,3.9,0.447,0.49,1,1.3,0.723,0.7,3.1,3.8,2,0.8,0.5,1.4,1.4,9,,CHI,146.5,146.2
19,Karlo Matković,23,PF,42,7,18.8,3.2,5.6,0.574,0.5,1.6,0.318,2.7,4,0.675,0.619,0.8,1,0.773,1.5,3.5,5,1.1,0.5,1,1,2.5,7.7,,NOP,146.9,146.8
5,Santi Aldama,24,PF,65,16,25.5,4.8,10,0.483,1.8,5,0.368,3,5,0.599,0.576,1,1.4,0.691,1.4,5,6.4,2.9,0.8,0.4,1.1,1.2,12.5,,MEM,,133.7
7,Yves Missi,20,C,73,67,26.8,3.7,6.7,0.547,0,0,0,3.7,6.7,0.548,0.547,1.7,2.8,0.623,3.5,4.7,8.2,1.4,0.5,1.3,1.1,2,9.1,,NOP,,137.9
8,Scotty Pippen Jr.,24,PG,79,21,21.3,3.6,7.5,0.48,1.1,2.8,0.397,2.5,4.7,0.528,0.553,1.5,2.2,0.713,0.8,2.5,3.3,4.4,1.3,0.4,1.7,2.6,9.9,,MEM,,138.7
6,Miles McBride,24,PG,64,10,24.9,3.5,8.5,0.406,1.8,4.9,0.369,1.7,3.7,0.455,0.511,0.8,1,0.813,0.7,1.8,2.5,2.9,1,0.3,0.6,1.7,9.5,,NYK,,144.2
13,Vit Krejci,24,PG,57,16,20.2,2.5,5.1,0.497,1.6,3.6,0.437,1,1.5,0.64,0.651,0.6,0.8,0.711,0.4,2.4,2.7,2.6,0.6,0.5,0.9,1.8,7.2,,ATL,,
14,Larry Nance Jr.,32,PF,24,3,19.3,3.3,6.5,0.516,1.4,3.2,0.447,1.9,3.3,0.582,0.626,0.4,0.5,0.692,1,3.3,4.3,1.6,0.8,0.5,0.7,1.5,8.5,,ATL,,
15,Garrison Mathews,28,SG,47,2,17.7,2.2,5.5,0.397,1.8,4.6,0.39,0.4,0.8,0.436,0.562,1.4,1.7,0.821,0.3,1.6,1.9,1.3,0.6,0.3,0.7,1.7,7.5,,ATL,,
16,Mouhamed Gueye,22,PF,33,28,16.2,2.2,5.2,0.421,0.6,2.5,0.259,1.5,2.7,0.567,0.482,1,1.3,0.762,1.3,2.9,4.2,0.8,0.8,1,0.5,1.7,6,,ATL,,
17,Keaton Wallace,25,PG,31,5,16.2,2.1,5.2,0.401,0.9,2.6,0.329,1.2,2.6,0.475,0.485,0.4,0.4,1,0.2,1.4,1.6,2.6,0.9,0.3,1.1,1.3,5.4,,ATL,,
19,Kobe Bufkin,21,SG,10,0,12.4,1.8,4.7,0.383,0.4,1.9,0.211,1.4,2.8,0.5,0.426,1.3,1.8,0.722,0.5,1.6,2.1,1.7,0.3,0.2,0.8,0.9,5.3,,ATL,,
20,Daeqwon Plowden,26,SG,6,0,12,2.7,4.2,0.64,1.5,2.8,0.529,1.2,1.3,0.875,0.82,0.3,0.3,1,0.7,1.2,1.8,0.3,0,0,0.7,1.7,7.2,,ATL,,
21,Dominick Barlow,21,SF,35,4,10.7,1.7,3.2,0.531,0.2,0.8,0.259,1.5,2.5,0.616,0.562,0.6,0.9,0.636,1,1.4,2.4,0.5,0.3,0.5,0.1,1.3,4.2,,ATL,,
9,Luke Kornet,29,C,73,16,18.6,2.6,3.8,0.668,0,0,0,2.6,3.8,0.675,0.668,0.9,1.3,0.691,2.6,2.7,5.3,1.6,0.5,1,0.4,1.6,6,,BOS,,
10,Neemias Queta,25,C,62,6,13.9,2.1,3.3,0.65,0,0,0,2.1,3.2,0.66,0.65,0.7,1,0.754,1.4,2.4,3.8,0.7,0.3,0.7,0.6,1.7,5,,BOS,,
11,Baylor Scheierman,24,SG,31,2,12.4,1.3,3.5,0.355,0.8,2.6,0.317,0.4,0.9,0.464,0.473,0.3,0.4,0.75,0.6,1.5,2.1,1.1,0.5,0.1,0.4,0.7,3.6,,BOS,,
13,Miles Norris,24,PF,3,0,11.7,0.7,3,0.222,0.7,2.3,0.286,0,0.7,0,0.333,0.3,0.7,0.5,0.7,2.3,3,0,0.7,0.3,0,0,2.3,,BOS,,
14,Jordan Walsh,20,PF,52,1,7.8,0.6,1.6,0.361,0.3,1.1,0.273,0.3,0.5,0.536,0.452,0.1,0.2,0.583,0.4,0.9,1.3,0.4,0.2,0.2,0.3,0.6,1.6,,BOS,,
15,Drew Peterson,25,PF,25,1,7.4,0.7,1.6,0.415,0.5,1.3,0.394,0.2,0.3,0.5,0.573,0.3,0.4,0.778,0.4,1.2,1.6,0.5,0.2,0.1,0.3,0.7,2.2,,BOS,,
16,Xavier Tillman Sr.,26,C,33,2,7,0.4,1.6,0.245,0.2,1,0.156,0.2,0.6,0.381,0.292,0.1,0.1,0.75,0.3,1,1.3,0.2,0.3,0.2,0.4,0.5,1,,BOS,,
17,JD Davison,22,PG,16,0,5.8,0.8,2.1,0.353,0.3,1.1,0.222,0.5,1,0.5,0.412,0.3,0.4,0.714,0.1,0.7,0.8,0.8,0.3,0.1,0.8,0.1,2.1,,BOS,,
5,Drew Timme,24,PF,9,2,28.2,5,11.3,0.441,1,3.9,0.257,4,7.4,0.537,0.485,1.1,1.8,0.625,1.9,5.3,7.2,2.2,0.4,0.1,1.7,2.3,12.1,,BRK,,
6,Killian Hayes,23,PG,6,5,27,3,7.2,0.419,1.3,3.5,0.381,1.7,3.7,0.455,0.512,1.7,2,0.833,0.8,2.2,3,5.2,0.7,0.7,1.5,2.2,9,,BRK,,
8,Jalen Wilson,24,PF,79,22,25.7,3.1,7.8,0.397,1.5,4.6,0.337,1.6,3.3,0.481,0.495,1.7,2.1,0.818,0.9,2.5,3.4,1.8,0.5,0.1,1,2.1,9.5,,BRK,,
11,Ziaire Williams,23,SF,63,45,24.5,3.4,8.3,0.412,1.6,4.8,0.341,1.8,3.5,0.509,0.511,1.6,2,0.821,1,3.6,4.6,1.3,1,0.4,1.1,2.4,10,,BRK,,
12,Keon Johnson,22,SG,79,56,24.4,3.8,9.9,0.389,1.6,5.1,0.314,2.2,4.8,0.468,0.47,1.4,1.8,0.77,0.8,3,3.8,2.2,1,0.4,1.5,2.6,10.6,,BRK,,
13,Tosan Evbuomwan,23,SF,28,0,23.8,3.4,7.9,0.427,0.9,2.8,0.312,2.5,5.1,0.49,0.482,2,2.6,0.753,1.1,3.1,4.3,2,0.9,0.4,1.4,2,9.5,,BRK,,
15,Tyrese Martin,25,SG,60,11,21.9,3.2,7.8,0.406,1.7,4.7,0.351,1.5,3.1,0.492,0.513,0.8,1,0.793,1,2.7,3.7,2,0.6,0.2,1.2,1.3,8.7,,BRK,,
16,Tyson Etienne,25,PG,7,0,21.6,2.4,7.4,0.327,1.9,6.3,0.295,0.6,1.1,0.5,0.452,1.1,1.4,0.8,0.4,0.9,1.3,1.7,0.4,0.1,1.1,2.4,7.9,,BRK,,
17,Trendon Watford,24,PF,44,6,20.8,3.7,8,0.469,0.7,2,0.33,3.1,6,0.515,0.51,2.1,2.8,0.762,0.8,2.8,3.6,2.6,0.6,0.3,1.9,2.2,10.2,,BRK,,
19,Day'Ron Sharpe,23,C,50,2,18.1,3.3,6.3,0.521,0.2,0.9,0.244,3.1,5.4,0.566,0.538,1.1,1.5,0.757,3,3.6,6.6,1.8,0.8,0.8,1.3,2.3,7.9,,BRK,,
22,Dariq Whitehead,20,SF,20,0,12.3,2,4.8,0.406,1.7,3.7,0.446,0.3,1.1,0.273,0.578,0.2,0.3,0.6,0.2,1.3,1.5,0.6,0.3,0.1,0.8,1.1,5.7,,BRK,,
23,Cui Yongxi,21,SG,5,0,2,0.2,1.4,0.143,0,0.6,0,0.2,0.8,0.25,0.143,0.2,0.4,0.5,0,0.4,0.4,0,0,0,0,0,0.6,,BRK,,
13,Julian Phillips,21,SF,79,5,14.2,1.6,3.6,0.446,0.6,1.9,0.327,1,1.7,0.582,0.533,0.8,1,0.789,0.8,1.3,2.1,0.5,0.5,0.3,0.3,1.4,4.6,,CHI,,
14,Dalen Terry,22,SG,73,5,13.5,1.6,3.7,0.448,0.5,1.4,0.356,1.1,2.2,0.506,0.517,0.7,0.9,0.71,0.5,1.2,1.7,1.3,0.6,0.2,0.7,1.6,4.5,,CHI,,
16,Talen Horton-Tucker,24,SG,58,0,12.5,2.3,5,0.457,0.7,2.1,0.336,1.6,2.9,0.544,0.527,1.2,1.7,0.735,0.3,1.4,1.7,1.4,0.4,0.2,0.7,1,6.5,,CHI,,
17,Jevon Carter,29,PG,36,1,8.9,1.5,4.1,0.377,1,2.9,0.333,0.6,1.1,0.488,0.497,0.2,0.3,0.8,0.1,1,1.1,1.1,0.4,0.1,0.3,0.4,4.3,,CHI,,
18,Adama Sanogo,22,C,4,0,5.3,1,1.8,0.571,0,0,,1,1.8,0.571,0.571,0,0,,1.3,0.3,1.5,0.3,0,0,0.3,0.3,2,,CHI,,
19,Jahmir Young,24,PG,6,0,5,0.7,0.8,0.8,0.2,0.3,0.5,0.5,0.5,1,0.9,0.3,0.3,1,0.2,0.3,0.5,1,0,0,0.2,0.3,1.8,,CHI,,
20,E.J. Liddell,24,PF,12,0,4.4,0.7,1.3,0.533,0.3,0.8,0.3,0.4,0.4,1,0.633,0.2,0.2,1,0.3,0.5,0.8,0.3,0.1,0.1,0.2,0.9,1.8,,CHI,,
21,Chris Duarte,27,SG,17,0,4.4,0.7,1.5,0.462,0.4,0.9,0.4,0.4,0.6,0.545,0.577,0.4,0.5,0.75,0.3,0.9,1.2,0.5,0,0,0.1,0.4,2.1,,CHI,,
22,Emanuel Miller,24,PF,6,0,4.2,0.7,1.3,0.5,0,0.2,0,0.7,1.2,0.571,0.5,0.3,0.3,1,0.7,0.7,1.3,0.3,0.2,0,0,0.5,1.7,,CHI,,
5,Josh Green,24,SG,68,67,27.8,2.6,6.2,0.428,1.4,3.6,0.391,1.2,2.5,0.48,0.543,0.7,1.1,0.681,0.8,1.7,2.5,1.6,1.1,0.2,1,2.4,7.4,,CHO,,
8,Damion Baugh,24,SG,15,2,24.7,2.8,8.7,0.323,0.8,3.7,0.214,2,4.9,0.405,0.369,0.9,1,0.867,0.9,2.4,3.3,3.7,1,0.1,2.1,1.5,7.3,,CHO,,
10,KJ Simpson,22,PG,36,15,23.4,2.9,8.4,0.346,0.9,3.6,0.254,2,4.8,0.415,0.4,1.1,1.4,0.82,1.1,1.9,3,3.1,0.9,0.2,1.6,1.6,7.8,,CHO,,
11,DaQuan Jeffries,27,SG,47,20,22.8,2.5,6.2,0.405,1.2,3.5,0.335,1.3,2.7,0.496,0.5,0.5,0.6,0.8,0.8,2.1,2.9,1.1,0.6,0.5,0.7,2.1,6.7,,CHO,,
12,Nick Smith Jr.,20,SG,60,27,22.8,3.7,9.5,0.391,1.7,5.1,0.34,2,4.4,0.45,0.482,0.7,0.8,0.935,0.2,1.9,2.1,2.4,0.3,0.1,1.4,1.3,9.9,,CHO,,
15,Tidjane Salaün,19,PF,60,10,20.7,1.9,5.8,0.33,1,3.4,0.283,0.9,2.3,0.4,0.414,1.1,1.6,0.713,1.2,3.5,4.7,1.2,0.5,0.2,1,1.4,5.9,,CHO,,
17,Marcus Garrett,26,SG,4,0,19.8,2.8,6.8,0.407,0.8,2,0.375,2,4.8,0.421,0.463,0.8,1,0.75,0.3,1.3,1.5,3.3,0.8,0.5,1.5,2.5,7,,CHO,,
18,Jaylen Sims,26,SG,6,0,18.7,2,4.7,0.429,1,2.5,0.4,1,2.2,0.462,0.536,2,2.5,0.8,0.5,0.5,1,2,0.5,0.2,1.3,1.7,7,,CHO,,
22,Moussa Diabaté,23,C,71,8,17.5,2.4,3.9,0.596,0,0.1,0,2.4,3.9,0.609,0.596,1,1.6,0.595,2.6,3.5,6.2,0.8,0.6,0.6,0.9,1.5,5.7,,CHO,,
23,Seth Curry,34,SG,68,14,15.6,2.4,5,0.478,1.2,2.7,0.456,1.2,2.4,0.503,0.599,0.5,0.6,0.846,0.4,1.3,1.7,0.9,0.4,0.1,0.5,0.9,6.5,,CHO,,
24,Isaiah Wong,24,SG,20,0,13.3,2.1,5.3,0.39,0.7,1.7,0.394,1.4,3.6,0.389,0.452,1.3,1.7,0.735,0.7,0.9,1.6,1.4,0.6,0,0.9,1.1,6,,CHO,,
25,Taj Gibson,39,C,37,11,11.1,1.3,2.6,0.495,0,0.1,0.5,1.2,2.5,0.495,0.5,0.3,0.5,0.6,1.4,1.9,3.2,0.6,0.2,0.5,0.7,1.5,2.9,,CHO,,
26,Malachi Flynn,26,PG,4,0,11,1.3,3.3,0.385,0.3,1,0.25,1,2.3,0.444,0.423,1.3,1.5,0.833,0.8,1,1.8,1.8,0.8,0,1,1,4,,CHO,,
8,Dean Wade,28,PF,59,30,21.2,1.9,4.6,0.413,1.4,3.8,0.36,0.5,0.8,0.653,0.561,0.3,0.5,0.533,0.9,3.4,4.2,1.3,0.7,0.3,0.4,1.7,5.4,,CLE,,
10,Ty Jerome,27,SG,70,3,19.9,4.6,8.8,0.516,1.6,3.6,0.439,3,5.2,0.57,0.606,1.8,2.1,0.872,0.7,1.8,2.5,3.4,1.1,0,1.3,1.5,12.5,,CLE,,
11,Sam Merrill,28,SG,71,4,19.7,2.4,6,0.406,1.9,5.2,0.372,0.5,0.8,0.625,0.567,0.4,0.4,0.966,0.5,1.7,2.2,1.5,0.7,0.2,0.5,1.7,7.2,,CLE,,
12,Isaac Okoro,24,SG,55,22,19.1,2.3,4.9,0.464,1,2.7,0.371,1.2,2.1,0.586,0.569,0.6,0.8,0.717,0.9,1.5,2.4,1.2,0.6,0.3,0.4,1.9,6.1,,CLE,,
13,Nae'Qwan Tomlin,24,PF,5,1,12.6,2.6,6.4,0.406,0.4,2,0.2,2.2,4.4,0.5,0.438,1.6,2.2,0.727,1.8,2.4,4.2,0.4,0,0.2,0.4,1.8,7.2,,CLE,,
15,Craig Porter Jr.,24,PG,51,1,10.1,1.4,2.7,0.514,0.4,0.9,0.438,1,1.8,0.554,0.589,0.5,0.6,0.719,0.4,0.9,1.3,1.4,0.3,0.3,0.7,0.5,3.7,,CLE,,
16,Jaylon Tyson,22,SG,47,3,9.6,1.4,3.2,0.43,0.4,1.2,0.345,0.9,1.9,0.484,0.497,0.4,0.5,0.792,0.8,1.3,2,0.9,0.3,0.1,0.6,1.1,3.6,,CLE,,
18,Tristan Thompson,33,C,40,0,8.2,0.8,1.8,0.437,0,0.1,0,0.8,1.7,0.456,0.437,0.2,0.8,0.233,0.8,2.6,3.4,0.6,0.1,0.3,0.4,0.9,1.7,,CLE,,
19,Emoni Bates,21,SF,10,0,7.5,1.3,3.8,0.342,1.1,3,0.367,0.2,0.8,0.25,0.487,0,0,,0,0.7,0.7,0.8,0.1,0.1,0.2,0.4,3.7,,CLE,,
20,Luke Travers,23,SG,12,0,7.3,0.4,1.7,0.25,0,0.8,0,0.4,0.9,0.455,0.25,0.2,0.2,1,0.7,1,1.7,0.7,0.1,0.1,0.7,0.5,1,,CLE,,
6,Naji Marshall,27,SF,69,31,27.8,5.2,10.3,0.508,0.9,3.2,0.275,4.4,7.2,0.611,0.551,1.9,2.3,0.813,1.1,3.7,4.8,3,1,0.2,1.6,1.6,13.2,,DAL,,
8,Spencer Dinwiddie,31,PG,79,30,27,3.6,8.6,0.416,1.4,4.1,0.334,2.2,4.5,0.492,0.496,2.5,3.1,0.802,0.2,2.4,2.6,4.4,0.9,0.2,1.3,1.5,11,,DAL,,
14,Maxi Kleber,33,PF,34,4,18.7,1.1,2.8,0.385,0.4,1.4,0.265,0.7,1.4,0.511,0.453,0.5,0.6,0.762,0.7,2.1,2.8,1.3,0.3,0.5,0.7,1.9,3,,DAL,,
15,Dante Exum,29,PG,20,13,18.6,3.2,6.7,0.478,1.2,2.7,0.434,2.1,4.1,0.506,0.563,1.2,1.6,0.742,0.2,1.5,1.7,2.8,0.6,0.2,1.1,1.7,8.7,,DAL,,
17,Jaden Hardy,22,SG,57,3,15.9,3.2,7.3,0.435,1.3,3.5,0.386,1.8,3.8,0.479,0.527,1.1,1.5,0.698,0.2,1.4,1.6,1.4,0.5,0.1,1.4,1.6,8.7,,DAL,,
18,Kessler Edwards,24,SF,40,18,15.2,1.7,3.4,0.496,0.6,1.4,0.407,1.1,2,0.556,0.578,0.3,0.3,0.923,0.6,2.3,2.9,1.1,0.5,0.5,0.4,1.6,4.2,,DAL,,
19,Brandon Williams,25,PG,33,3,14.8,3,5.7,0.521,0.7,1.8,0.4,2.2,3.9,0.578,0.585,1.7,2,0.833,0.4,1.4,1.8,2.3,0.7,0.2,1.2,1,8.3,,DAL,,
20,Olivier-Maxence Prosper,22,PF,52,4,11.2,1.3,3.3,0.402,0.2,1,0.235,1.1,2.4,0.472,0.437,0.9,1.5,0.645,0.8,1.6,2.4,0.8,0.5,0.1,0.3,0.5,3.9,,DAL,,
21,Dwight Powell,33,C,55,3,10,0.8,1.1,0.689,0,0.1,0.4,0.7,1,0.714,0.705,0.5,0.8,0.651,0.9,1.3,2.1,1,0.3,0.4,0.3,1.4,2.1,,DAL,,
24,Jazian Gortman,21,PG,16,0,3.6,0.6,1.4,0.391,0.3,0.7,0.364,0.3,0.8,0.417,0.478,0.1,0.3,0.5,0.1,0.3,0.3,0.4,0.1,0.1,0.3,0.6,1.5,,DAL,,
7,Peyton Watson,22,SF,68,18,24.4,3,6.3,0.477,0.7,2,0.353,2.3,4.3,0.534,0.533,1.4,2,0.693,0.7,2.7,3.4,1.4,0.7,1.4,0.8,1.8,8.1,,DEN,,
9,Jalen Pickett,25,SG,49,4,13.6,1.6,3.7,0.428,0.8,2.1,0.396,0.8,1.6,0.468,0.539,0.1,0.2,0.75,0.3,1.1,1.4,2.2,0.4,0.1,0.5,0.8,4.1,,DEN,,
10,Dario Šarić,30,C,16,4,13.1,1.3,3.6,0.362,0.4,1.6,0.269,0.9,2,0.438,0.422,0.4,0.6,0.7,0.9,2.3,3.1,1.4,0.4,0.1,0.9,1.2,3.5,,DEN,,
11,DeAndre Jordan,36,C,56,5,12.3,1.6,2.5,0.65,0,0,,1.6,2.5,0.65,0.65,0.5,1.1,0.422,1.5,3.6,5.1,0.9,0.3,0.5,0.7,1.3,3.7,,DEN,,
12,Zeke Nnaji,24,PF,57,4,10.7,1.2,2.5,0.496,0.3,0.9,0.327,0.9,1.6,0.596,0.557,0.5,0.8,0.614,0.6,1,1.6,0.4,0.4,0.7,0.2,1.1,3.2,,DEN,,
13,Vlatko Čančar,27,PF,13,0,10.5,0.8,2,0.385,0.3,1.2,0.267,0.5,0.8,0.545,0.462,0,0,,0.5,2,2.5,0.7,0.2,0.2,0.8,0.8,1.8,,DEN,,
14,Hunter Tyson,24,PF,51,2,7.8,0.9,2.4,0.375,0.5,1.5,0.311,0.4,0.9,0.478,0.471,0.4,0.5,0.75,0.5,1,1.5,0.4,0.2,0.1,0.3,0.9,2.6,,DEN,,
15,Spencer Jones,23,SF,20,0,6.3,0.6,1.7,0.324,0.1,0.9,0.059,0.5,0.9,0.588,0.338,0.2,0.2,1,0.4,0.5,0.9,0.3,0.3,0.3,0.3,0.9,1.3,,DEN,,
16,Trey Alexander,21,SG,24,0,4.9,0.5,1.7,0.317,0.1,0.7,0.176,0.4,1,0.417,0.354,0.1,0.2,0.75,0,0.5,0.5,0.5,0.1,0,0.2,0.4,1.3,,DEN,,
17,PJ Hall,22,C,19,0,3.5,0.7,1.3,0.583,0.1,0.4,0.25,0.6,0.8,0.75,0.625,0.2,0.2,0.75,0.3,0.8,1.2,0.2,0,0.2,0.1,0.6,1.7,,DEN,,
9,Tolu Smith,24,PF,1,0,22,6,9,0.667,0,0,,6,9,0.667,0.667,2,3,0.667,4,4,8,0,0,0,2,3,14,,DET,,
11,Ron Harper Jr.,24,SF,1,0,17,1,8,0.125,0,6,0,1,2,0.5,0.125,2,2,1,4,3,7,2,0,0,0,0,4,,DET,,
13,Ron Holland,19,SF,81,2,15.6,2.4,5.1,0.474,0.4,1.9,0.238,2,3.3,0.608,0.517,1.1,1.5,0.754,0.5,2.2,2.7,1,0.6,0.2,0.9,1.7,6.4,,DET,,
14,Marcus Sasser,24,PG,57,1,14.2,2.4,5.2,0.463,1,2.7,0.382,1.4,2.5,0.549,0.561,0.8,0.9,0.843,0.3,0.9,1.2,2.3,0.6,0.1,0.9,1.3,6.6,,DET,,
16,Paul Reed,25,C,45,0,9.7,1.6,3.2,0.507,0.2,0.6,0.286,1.4,2.5,0.561,0.535,0.7,0.9,0.762,0.9,1.8,2.7,1,0.9,0.6,0.6,1.7,4.1,,DET,,
19,Bobi Klintman,21,SF,8,0,5.3,0.8,1.3,0.6,0.3,0.6,0.4,0.5,0.6,0.8,0.7,0.1,0.3,0.5,0.1,0.8,0.9,0.9,0.3,0.1,0.1,1,1.9,,DET,,
20,Alondes Williams,25,SG,1,0,4,2,2,1,1,1,1,1,1,1,1.25,0,0,,0,0,0,1,0,0,0,0,5,,DET,,
21,Daniss Jenkins,23,PG,7,0,3.3,0.4,1.4,0.3,0.1,1,0.143,0.3,0.4,0.667,0.35,0,0.3,0,0,0.3,0.3,0.4,0,0,0.1,0.3,1,,DET,,
12,Quinten Post,24,PF,42,14,16.3,2.9,6.5,0.449,1.7,4.3,0.408,1.2,2.3,0.526,0.582,0.5,0.6,0.778,0.8,2.7,3.5,1.3,0.4,0.4,0.8,2,8.1,,GSW,,
15,Gary Payton II,32,SG,62,11,15,2.8,4.8,0.574,0.5,1.5,0.326,2.3,3.3,0.69,0.626,0.4,0.6,0.711,0.9,2.1,3,1.3,0.8,0.3,0.6,1.7,6.5,,GSW,,
17,Gui Santos,22,PF,56,2,13.6,1.5,3.2,0.458,0.6,1.8,0.33,0.9,1.4,0.632,0.553,0.5,0.8,0.69,1.3,1.8,3.1,1.4,0.4,0.2,0.8,1.6,4.1,,GSW,,
18,Jackson Rowe,28,PF,6,0,8.7,1.3,2.8,0.471,0.5,1.7,0.3,0.8,1.2,0.714,0.559,0.5,1,0.5,0.5,1.3,1.8,0.7,0.7,0,0.2,0.7,3.7,,GSW,,
19,Yuri Collins,23,PG,2,0,8,0.5,1.5,0.333,0,0,,0.5,1.5,0.333,0.333,0,0,,1,0.5,1.5,2,1,0,0,2.5,1,,GSW,,
20,Pat Spencer,28,PG,39,0,6.4,1.1,2.6,0.406,0.1,0.6,0.227,0.9,2,0.456,0.431,0.3,0.4,0.733,0.4,0.8,1.2,1.2,0.4,0.1,0.5,0.5,2.5,,GSW,,
21,Kevin Knox,25,SF,14,0,6,1.3,2.6,0.5,0.3,1.1,0.267,1,1.5,0.667,0.556,0.4,0.6,0.75,0.5,0.7,1.2,0.4,0.1,0.3,0.3,0.4,3.3,,GSW,,
22,Braxton Key,27,SF,3,0,3.7,0,1.3,0,0,0.3,0,0,1,0,0,1,2,0.5,0.3,0.3,0.7,0,0.7,0,0.3,0,1,,GSW,,
10,Aaron Holiday,28,PG,62,3,12.8,1.9,4.3,0.437,1.2,2.9,0.398,0.7,1.4,0.517,0.571,0.5,0.7,0.829,0.2,1,1.3,1.3,0.3,0.2,0.6,1,5.5,,HOU,,
11,N'Faly Dante,23,C,4,0,12.8,2.5,3.3,0.769,0,0,,2.5,3.3,0.769,0.769,1,1.3,0.8,1.5,3.8,5.3,0.5,0.3,1.3,0.5,2.3,6,,HOU,,
13,Jeff Green,38,PF,32,3,12.4,1.9,3.8,0.504,0.9,2.5,0.367,1,1.3,0.762,0.624,0.7,0.8,0.808,0.3,1.5,1.8,0.6,0.2,0.1,0.3,1,5.4,,HOU,,
14,Jock Landale,29,C,42,3,11.9,1.9,3.6,0.533,0.3,0.6,0.423,1.7,3,0.556,0.569,0.6,1,0.675,1.3,1.9,3.3,0.9,0.3,0.2,0.5,1.2,4.8,,HOU,,
16,Jae'Sean Tate,29,SF,52,2,11.3,1.3,2.8,0.473,0.3,0.9,0.348,1,2,0.529,0.527,0.6,0.9,0.681,1,1.3,2.3,0.9,0.5,0.1,0.4,1.6,3.6,,HOU,,
17,Jeenathan Williams,25,SG,20,0,7.4,1.4,3.1,0.435,0.3,1.3,0.231,1.1,1.8,0.583,0.484,0.3,0.4,0.625,0.3,0.4,0.7,0.5,0.4,0.2,0.7,0.8,3.3,,HOU,,
18,Jack McVeigh,28,PF,9,0,4.8,0.6,1.9,0.294,0.4,1.4,0.308,0.1,0.4,0.25,0.412,0,0,,0.2,0.3,0.6,0.1,0,0.2,0.2,0.3,1.6,,HOU,,
8,Ben Sheppard,23,SG,63,9,19.5,1.9,4.6,0.418,1.1,3.2,0.342,0.8,1.4,0.591,0.537,0.4,0.4,0.889,0.7,2.1,2.8,1.3,0.6,0.2,0.3,2,5.3,,IND,,
10,Isaiah Jackson,23,C,5,1,16.8,2.8,4.6,0.609,0,0,,2.8,4.6,0.609,0.609,1.4,2.8,0.5,2.2,3.4,5.6,1,0.6,1.6,1,2.8,7,,IND,,
11,Jarace Walker,21,PF,75,5,15.8,2.3,4.8,0.472,1,2.5,0.405,1.3,2.3,0.543,0.576,0.6,0.9,0.667,0.3,2.7,3.1,1.5,0.7,0.3,1,1.5,6.1,,IND,,
13,Quenton Jackson,26,PG,28,7,13.6,2.1,4.4,0.475,0.5,1.4,0.375,1.5,2.9,0.524,0.537,1.1,1.4,0.775,0.5,1.1,1.6,1.9,0.8,0.2,0.6,1.5,5.8,,IND,,
14,Enrique Freeman,24,PF,22,1,8.2,0.7,1.7,0.432,0,0.5,0.1,0.7,1.2,0.556,0.446,0.6,0.9,0.684,0.5,0.9,1.4,0.4,0.1,0.1,0.3,1,2.1,,IND,,
15,Tony Bradley,27,C,14,0,8.1,2.1,3.2,0.644,0.1,0.2,0.333,2,3,0.667,0.656,0.1,0.4,0.333,1.3,1.7,3,0.4,0.1,0.6,0.4,0.8,4.4,,IND,,
16,Johnny Furphy,20,SG,50,0,7.6,0.7,1.8,0.38,0.3,1,0.3,0.4,0.8,0.476,0.462,0.4,0.4,0.818,0.5,1,1.4,0.4,0.4,0.2,0.2,0.8,2.1,,IND,,
17,RayJ Dennis,23,PG,11,0,6.4,1,3,0.333,0.5,1.9,0.286,0.5,1.1,0.417,0.424,0.2,0.2,1,0.2,0.9,1.1,1.3,0.6,0.2,0.5,0.6,2.7,,IND,,
19,James Wiseman,23,C,1,0,5,2,4,0.5,0,1,0,2,3,0.667,0.5,2,2,1,0,1,1,0,0,0,0,0,6,,IND,,
20,James Johnson,37,PF,12,0,3.1,0.3,0.9,0.364,0,0.3,0,0.3,0.7,0.5,0.364,0,0.1,0,0,0.5,0.5,0.3,0,0.2,0.3,0.4,0.7,,IND,,
21,Jahlil Okafor,29,C,1,0,3,0,0,,0,0,,0,0,,,0,0,,0,1,1,1,0,0,0,0,0,,IND,,
6,Derrick Jones Jr.,27,SF,77,55,24.3,4,7.6,0.526,1,2.8,0.356,3,4.8,0.627,0.593,1.1,1.5,0.703,1.2,2.2,3.4,0.8,1,0.4,0.9,2,10.1,,LAC,,
7,Amir Coffey,27,SG,72,13,24.3,3.3,7.1,0.471,1.4,3.4,0.409,1.9,3.7,0.529,0.57,1.6,1.8,0.891,0.4,1.8,2.2,1.1,0.6,0.1,0.6,1.7,9.7,,LAC,,
8,Kris Dunn,30,PG,74,58,24.1,2.6,5.9,0.439,1,3,0.335,1.6,2.9,0.549,0.525,0.2,0.3,0.682,0.7,2.7,3.4,2.8,1.7,0.4,1,2.7,6.4,,LAC,,
11,Nicolas Batum,36,PF,78,8,17.5,1.3,3.1,0.437,1.1,2.6,0.433,0.2,0.4,0.457,0.622,0.2,0.3,0.81,0.6,2.2,2.8,1.1,0.7,0.5,0.4,1.4,4,,LAC,,
14,Jordan Miller,25,SF,37,0,11.4,1.6,3.6,0.433,0.2,1,0.211,1.4,2.6,0.521,0.463,0.8,0.9,0.8,0.6,0.9,1.6,0.9,0.5,0.1,0.7,0.7,4.1,,LAC,,
18,Kobe Brown,25,PF,40,0,6.8,0.8,1.8,0.458,0.2,0.7,0.231,0.7,1.2,0.587,0.5,0.1,0.2,0.714,0.5,1.2,1.6,0.6,0.2,0.1,0.3,0.6,1.9,,LAC,,
21,Trentyn Flowers,19,SF,6,0,4.5,0.7,1.8,0.364,0,0.3,0,0.7,1.5,0.444,0.364,0.5,0.5,1,0.2,0.5,0.7,0,0,0,0.2,0.7,1.8,,LAC,,
22,Cam Christie,19,SG,13,0,4.5,0.5,1.8,0.292,0.2,1,0.154,0.4,0.8,0.455,0.333,0.2,0.3,0.5,0.2,0.7,0.9,0.5,0.4,0.1,0.2,0.3,1.4,,LAC,,
9,Gabe Vincent,28,PG,72,11,21.2,2.3,5.8,0.4,1.5,4.3,0.353,0.8,1.5,0.532,0.53,0.2,0.3,0.714,0.3,1,1.3,1.4,0.7,0.2,0.6,2.1,6.4,,LAL,,
10,Jaxson Hayes,24,C,56,35,19.5,2.9,4,0.722,0,0.1,0,2.9,3.9,0.732,0.722,1.1,1.8,0.622,1.4,3.4,4.8,1,0.6,0.9,0.8,2.4,6.8,,LAL,,
12,Jordan Goodwin,26,PG,29,5,18.7,2.2,5,0.438,0.9,2.3,0.382,1.3,2.6,0.487,0.528,0.3,0.4,0.818,1.3,2.6,3.9,1.4,1,0.4,0.9,1.5,5.6,,LAL,,
13,Cam Reddish,25,SF,33,8,17.8,1.2,2.8,0.404,0.4,1.4,0.277,0.8,1.4,0.532,0.473,0.5,0.8,0.615,0.5,1.5,2,0.7,1,0.3,0.4,1.3,3.2,,LAL,,
0,Jalen Hood-Schifino,21,SG,15,0,21,2.5,6.6,0.391,1,3,0.333,1.5,3.4,0.441,0.5,1.2,1.4,0.857,0.2,1.6,1.8,2.5,0.3,0.5,1.2,1.7,7,,PHI,,
14,Jarred Vanderbilt,25,PF,36,2,16.1,1.6,3.4,0.488,0.3,0.9,0.281,1.4,2.5,0.562,0.525,0.6,1,0.556,1.9,3.2,5.1,1.1,1,0.3,0.8,1.9,4.1,,LAL,,
19,Christian Koloko,24,C,37,0,9.2,1.1,1.8,0.606,0,0.1,0,1.1,1.7,0.645,0.606,0.3,0.4,0.714,0.9,1.5,2.5,0.4,0.2,0.4,0.3,1.2,2.4,,LAL,,
20,Armel Traoré,22,SF,9,0,7.4,0.7,2.1,0.316,0,0.8,0,0.7,1.3,0.5,0.316,0.2,0.8,0.286,0.2,1.4,1.7,0.1,0.4,0.2,0.3,0.7,1.6,,LAL,,
23,Quincy Olivari,23,PG,2,0,5,0.5,2.5,0.2,0.5,2.5,0.2,0,0,,0.3,0,0,,0,0,0,0.5,0,0,0.5,0,1.5,,LAL,,
4,Jaylen Wells,21,SG,79,74,25.9,3.6,8.6,0.425,1.7,5,0.352,1.9,3.6,0.525,0.527,1.4,1.7,0.822,1.1,2.3,3.4,1.7,0.6,0.1,0.9,1.8,10.4,,MEM,,
6,Luke Kennard,28,SG,65,11,22.6,3.2,6.6,0.478,1.7,4,0.433,1.4,2.6,0.547,0.609,0.8,0.9,0.895,0.6,2.2,2.8,3.3,0.8,0.1,1.1,0.9,8.9,,MEM,,
11,Brandon Clarke,28,PF,64,18,18.9,3.7,5.9,0.621,0,0.3,0.059,3.7,5.7,0.647,0.622,1,1.4,0.701,2,3.1,5.1,1,0.8,0.6,0.6,2.3,8.3,,MEM,,
13,GG Jackson II,20,PF,29,3,15.8,2.6,6.9,0.372,1.1,3.3,0.337,1.4,3.6,0.404,0.452,1,1.4,0.725,0.9,2.2,3.2,1,0.4,0.2,1.1,1,7.2,,MEM,,
14,John Konchar,28,SG,46,4,12.1,0.9,2,0.451,0.5,1.3,0.371,0.4,0.6,0.621,0.577,0.2,0.2,0.875,0.8,2.5,3.3,0.9,0.7,0.3,0.3,0.7,2.4,,MEM,,
15,Jay Huff,26,C,64,2,11.7,2.5,4.8,0.515,1.3,3.1,0.405,1.2,1.6,0.724,0.648,0.7,0.9,0.786,0.5,1.5,2,0.6,0.3,0.9,0.5,1.2,6.9,,MEM,,
16,Cam Spencer,24,SG,25,1,10.1,1.4,3.3,0.415,0.8,2.1,0.358,0.6,1.2,0.517,0.53,0.8,0.8,1,0.5,0.7,1.2,1.4,0.4,0,0.2,0.9,4.2,,MEM,,
17,Lamar Stevens,27,PF,17,1,9.1,1.7,3.7,0.46,0.5,1.6,0.296,1.2,2.1,0.583,0.524,0.5,0.6,0.727,0.2,2,2.2,0.5,0.3,0.2,0.6,0.9,4.4,,MEM,,
20,Yuki Kawamura,23,PG,22,0,4.2,0.5,1.4,0.367,0.3,1,0.304,0.2,0.3,0.571,0.483,0.3,0.4,0.778,0,0.5,0.5,0.9,0.1,0,0.2,0.4,1.6,,MEM,,
21,Zyon Pullin,23,SG,3,0,1,0,0.3,0,0,0,,0,0.3,0,0,0,0,,0,0,0,0,0,0,0,0,0,,MEM,,
8,Haywood Highsmith,28,SF,74,42,24.6,2.4,5.3,0.458,1.2,3.1,0.382,1.2,2.1,0.57,0.572,0.4,0.6,0.721,1,2.4,3.4,1.5,0.9,0.5,0.7,2.2,6.5,,MIA,,
12,Dru Smith,27,SG,14,1,19.1,2.2,4.4,0.508,1.1,2.1,0.533,1.1,2.2,0.484,0.639,0.6,0.9,0.75,0.9,1.7,2.6,1.6,1.5,0.4,1.2,2.1,6.2,,MIA,,
13,Josh Richardson,31,SG,8,0,18.8,1.4,4.8,0.289,0.8,2.8,0.273,0.6,2,0.313,0.368,0.5,0.5,1,0.8,0.8,1.5,1.5,1,0.1,1,2.1,4,,MIA,,
15,Alec Burks,33,SG,49,14,17.6,2.3,5.5,0.424,1.8,4.2,0.425,0.6,1.3,0.422,0.587,0.8,1,0.776,0.3,2.2,2.5,1.1,0.6,0.1,0.6,0.8,7.3,,MIA,,
16,Pelle Larsson,23,SG,55,8,14.2,1.6,3.7,0.438,0.6,1.7,0.337,1,2,0.528,0.517,0.7,1.1,0.672,0.5,1.2,1.7,1.2,0.6,0.1,0.4,1.7,4.6,,MIA,,
18,Kevin Love,36,PF,23,9,10.9,1.8,5,0.357,1,2.9,0.358,0.7,2.1,0.354,0.461,0.7,1,0.696,1,3.1,4.1,1,0.7,0.2,0.6,0.9,5.3,,MIA,,
19,Keshad Johnson,23,SF,16,0,6.1,1.1,1.6,0.692,0.2,0.4,0.429,0.9,1.2,0.789,0.75,0.3,0.6,0.444,0.4,1.4,1.8,0.3,0.3,0.3,0.3,0.7,2.7,,MIA,,
20,Josh Christopher,23,SG,14,0,4.9,0.8,2.2,0.355,0.1,0.8,0.182,0.6,1.4,0.45,0.387,0.3,0.4,0.667,0,0.6,0.6,0.6,0.4,0.2,0.4,0.1,2,,MIA,,
21,Isaiah Stevens,24,PG,3,0,2,0,0.7,0,0,0.3,0,0,0.3,0,0,0,0,,0,0.7,0.7,0,0.3,0,0,0,0,,MIA,,
5,Taurean Prince,30,SF,80,73,27.1,2.9,6.4,0.457,1.8,4.2,0.439,1.1,2.2,0.492,0.6,0.5,0.6,0.813,0.4,3.2,3.6,1.9,1,0.2,1,2.1,8.2,,MIL,,
9,A.J. Green,25,SG,73,7,22.7,2.5,5.8,0.429,2.1,5,0.427,0.4,0.8,0.443,0.612,0.3,0.4,0.815,0.2,2.1,2.4,1.5,0.5,0.1,0.5,2.2,7.4,,MIL,,
13,Pat Connaughton,32,SG,41,1,14.7,2,4.3,0.469,0.6,2,0.321,1.4,2.3,0.594,0.542,0.6,0.8,0.774,0.5,2.2,2.7,1.7,0.2,0.3,0.6,1.1,5.3,,MIL,,
14,Andre Jackson Jr.,23,SG,67,43,14.6,1.4,2.9,0.477,0.4,1.1,0.395,1,1.8,0.529,0.553,0.2,0.4,0.5,1,1.7,2.7,1.2,0.5,0.2,0.9,1.7,3.4,,MIL,,
15,Ryan Rollins,22,PG,56,19,14.6,2.4,4.8,0.487,0.9,2.1,0.408,1.5,2.7,0.55,0.577,0.6,0.8,0.8,0.4,1.6,1.9,1.9,0.8,0.3,0.9,1.6,6.2,,MIL,,
16,Jamaree Bouyea,25,PG,5,1,12.4,1.2,2.4,0.5,0.2,1,0.2,1,1.4,0.714,0.542,0.8,1.2,0.667,0.2,0.8,1,2,0.8,0.4,1.6,0.4,3.4,,MIL,,
19,Tyler Smith,20,PF,23,0,5.3,1,2.2,0.48,0.6,1.3,0.433,0.5,0.9,0.55,0.61,0.3,0.3,0.75,0.3,0.8,1.1,0.2,0.1,0.2,0.3,0.5,2.9,,MIL,,
20,Chris Livingston,21,SF,21,1,5,0.4,1.3,0.333,0,0.4,0,0.4,0.9,0.474,0.333,0.6,0.8,0.75,0.5,1.2,1.7,0.2,0.2,0,0.3,0.4,1.4,,MIL,,
22,Liam Robbins,25,C,13,0,4.4,0.2,0.6,0.25,0,0.2,0,0.2,0.5,0.333,0.25,0.4,0.8,0.5,0.5,0.4,0.9,0.2,0.2,0.2,0.5,0.7,0.7,,MIL,,
23,Stanley Umude,25,SG,22,0,3.9,0.2,1.2,0.192,0.1,0.7,0.2,0.1,0.5,0.182,0.25,0.1,0.2,0.5,0.2,0.6,0.8,0.2,0.1,0.3,0.1,0.4,0.7,,MIL,,
7,Nickeil Alexander-Walker,26,SG,82,10,25.3,3.3,7.5,0.438,1.7,4.5,0.381,1.6,3,0.524,0.553,1.1,1.4,0.78,0.7,2.6,3.2,2.7,0.6,0.4,1.2,1.7,9.4,,MIN,,
9,Jaylen Clark,23,SG,40,4,13.1,1.4,3,0.467,0.6,1.3,0.431,0.9,1.7,0.493,0.558,0.7,0.9,0.784,0.7,0.7,1.3,0.7,0.9,0.1,0.2,1.5,4.1,,MIN,,
10,Terrence Shannon Jr.,24,SG,32,1,10.6,1.7,3.6,0.482,0.3,1,0.355,1.4,2.6,0.53,0.531,0.5,0.7,0.81,0.3,1.2,1.5,1,0.2,0.2,0.5,0.8,4.3,,MIN,,
12,Joe Ingles,37,SF,19,1,6,0.3,1.2,0.261,0.2,0.8,0.2,0.2,0.4,0.375,0.326,0,0,,0.1,0.5,0.6,1.2,0.1,0,0.5,0.6,0.8,,MIN,,
13,Josh Minott,22,SF,46,0,6,1,2,0.489,0.3,0.9,0.326,0.7,1,0.638,0.567,0.4,0.4,0.895,0.3,0.8,1,0.4,0.3,0.3,0.2,0.7,2.6,,MIN,,
14,Luka Garza,26,C,39,0,5.6,1.3,2.7,0.495,0.3,0.9,0.278,1.1,1.8,0.609,0.543,0.6,0.9,0.686,0.8,0.6,1.4,0.3,0.2,0.1,0.3,0.7,3.5,,MIN,,
16,Daishen Nix,22,PG,3,0,4.3,0,0.3,0,0,0.3,0,0,0,,0,0.3,0.7,0.5,0,1.3,1.3,1,0,0,1.3,0.3,0.3,,MIN,,
17,PJ Dozier,28,SG,9,0,3.9,0.2,0.3,0.667,0.2,0.3,0.667,0,0,,1,0.1,0.7,0.167,0.1,0.4,0.6,0.6,0.1,0,0.1,0.3,0.8,,MIN,,
19,Leonard Miller,21,SF,13,0,2.5,0.5,1.2,0.4,0,0.4,0,0.5,0.8,0.6,0.4,0.6,0.6,1,0.2,0.6,0.8,0,0.2,0.1,0.2,0.2,1.5,,MIN,,
20,Jesse Edwards,24,C,2,0,2.5,0,0,,0,0,,0,0,,,0,0,,0,0,0,0.5,0,0,0,1,0,,MIN,,
10,Jose Alvarado,26,PG,56,23,24.4,3.6,9.3,0.392,2,5.5,0.359,1.7,3.8,0.439,0.498,1.1,1.3,0.811,0.5,1.9,2.4,4.6,1.3,0.3,1.5,1.6,10.3,,NOP,,
11,Keion Brooks Jr.,24,SF,14,6,23.7,3.8,7.8,0.486,1,3.1,0.326,2.8,4.7,0.591,0.55,1.6,2.1,0.733,0.9,3.3,4.1,0.9,0.7,0.7,0.9,2.1,10.1,,NOP,,
12,Jordan Hawkins,22,SG,56,9,23.6,3.7,9.9,0.372,2,5.9,0.331,1.7,4,0.433,0.471,1.4,1.8,0.816,0.4,2.4,2.8,1.2,0.5,0.4,1,0.9,10.8,,NOP,,
13,Brandon Boston Jr.,23,SG,42,10,23.6,4,9.1,0.436,1.2,3.3,0.35,2.8,5.7,0.485,0.5,1.6,2,0.788,0.7,2.5,3.2,2.2,1.3,0.2,1.2,1.7,10.7,,NOP,,
16,Jaylen Nowell,25,SG,8,0,21,3.3,9.1,0.356,1,3.4,0.296,2.3,5.8,0.391,0.411,0.9,1.4,0.636,0.8,1.8,2.5,2.3,0.1,0.5,1,1.1,8.4,,NOP,,
18,Jeremiah Robinson-Earl,24,PF,66,9,18.8,2.4,5.3,0.455,0.8,2.5,0.341,1.5,2.8,0.557,0.536,0.7,0.8,0.836,1.7,3.1,4.8,1.3,0.6,0.1,0.8,1.2,6.3,,NOP,,
21,Daniel Theis,32,C,38,9,16.3,1.6,3.4,0.473,0.2,1,0.243,1.4,2.4,0.565,0.508,0.8,1,0.838,1.2,3.2,4.3,1.6,0.5,0.5,0.7,1.8,4.3,,NOP,,
23,Antonio Reeves,24,SG,44,6,15,2.6,5.6,0.456,1.2,2.9,0.395,1.4,2.7,0.521,0.558,0.6,0.8,0.8,0.4,1,1.4,0.9,0.5,0.1,0.7,0.9,6.9,,NOP,,
24,Jamal Cain,25,SF,37,0,13.6,1.8,4.3,0.43,0.7,2.2,0.325,1.1,2.1,0.538,0.513,0.9,1.4,0.68,0.7,1.6,2.3,0.6,0.6,0.2,0.6,1.2,5.3,,NOP,,
8,P.J. Tucker,39,SF,3,1,19.3,1,2.3,0.429,1,2,0.5,0,0.3,0,0.643,0,0,,1.3,1.3,2.7,0,0.3,0.3,0.3,2.7,3,,NYK,,
11,Landry Shamet,27,SG,50,0,15.2,2.1,4.6,0.461,1.2,3.1,0.397,0.9,1.5,0.595,0.596,0.2,0.4,0.667,0.2,1,1.2,0.5,0.5,0,0.4,1,5.7,,NYK,,
12,Cameron Payne,30,PG,72,5,15.1,2.5,6.2,0.401,1.3,3.6,0.363,1.2,2.6,0.453,0.506,0.7,0.8,0.907,0.2,1.3,1.4,2.8,0.5,0.2,0.7,1.5,6.9,,NYK,,
14,Ariel Hukporti,22,C,25,1,8.7,0.8,1.2,0.677,0,0,,0.8,1.2,0.677,0.677,0.2,0.5,0.462,0.6,1.5,2,0.4,0,0.6,0.8,1.3,1.9,,NYK,,
15,Kevin McCullar Jr.,23,SF,4,0,7.3,0.5,1.8,0.286,0,0.3,0,0.5,1.5,0.333,0.286,0.5,0.5,1,0,2,2,0.5,0.3,0.3,0,1.5,1.5,,NYK,,
16,Tyler Kolek,23,PG,41,0,7.2,0.7,2,0.329,0.3,1.1,0.298,0.3,0.9,0.371,0.415,0.3,0.4,0.765,0.2,0.5,0.7,1.7,0.3,0.1,0.4,0.6,2,,NYK,,
17,Pacome Dadiet,19,SG,18,0,6.2,0.6,1.7,0.323,0.3,1.1,0.316,0.2,0.7,0.333,0.419,0.2,0.3,0.667,0.2,0.8,1,0.3,0.2,0.1,0.2,0.4,1.7,,NYK,,
18,Matt Ryan,27,SF,19,0,3.6,0.5,1.6,0.323,0.3,1,0.316,0.2,0.6,0.333,0.419,0.1,0.1,1,0,0.4,0.4,0.2,0.1,0,0.2,0.1,1.5,,NYK,,
21,Anton Watson,24,SF,9,0,2.4,0.4,1,0.444,0,0.1,0,0.4,0.9,0.5,0.444,0,0,,0.1,0.2,0.3,0.2,0.1,0,0.2,0.3,0.9,,NYK,,
5,Cason Wallace,21,SG,68,43,27.6,3.4,7.2,0.474,1.1,3.1,0.356,2.3,4.1,0.562,0.55,0.4,0.5,0.811,1,2.3,3.4,2.5,1.8,0.5,0.9,2.1,8.4,,OKC,,
7,Aaron Wiggins,26,SG,76,26,22.9,4.7,9.6,0.488,1.7,4.5,0.383,3,5.1,0.578,0.577,1,1.2,0.831,1.1,2.8,3.9,1.8,0.8,0.2,0.9,1.3,12,,OKC,,
8,Isaiah Joe,25,SG,74,16,21.7,3.5,7.9,0.44,2.6,6.3,0.412,0.9,1.6,0.549,0.604,0.6,0.8,0.821,0.6,2.1,2.6,1.6,0.6,0.1,0.5,1.5,10.2,,OKC,,
10,Jaylin Williams,22,PF,47,9,16.7,2.1,4.7,0.439,1.3,3.3,0.399,0.8,1.4,0.529,0.577,0.5,0.6,0.767,1,4.6,5.6,2.6,0.5,0.6,0.7,1.7,5.9,,OKC,,
11,Ajay Mitchell,22,SG,36,1,16.6,2.5,5.1,0.495,0.6,1.7,0.383,1.9,3.4,0.548,0.557,0.8,1,0.829,0.5,1.4,1.9,1.8,0.7,0.1,0.8,1.9,6.5,,OKC,,
12,Kenrich Williams,30,PF,69,7,16.4,2.5,5.1,0.483,1,2.5,0.386,1.5,2.7,0.574,0.576,0.4,0.6,0.718,0.9,2.6,3.5,1.4,0.6,0.1,0.6,1.6,6.3,,OKC,,
13,Ousmane Dieng,21,C,37,1,10.9,1.5,3.4,0.432,0.6,1.9,0.324,0.8,1.5,0.574,0.524,0.3,0.4,0.688,0.5,1.7,2.2,0.8,0.5,0.2,0.5,0.9,3.8,,OKC,,
14,Dillon Jones,23,SF,54,3,10.2,0.9,2.5,0.383,0.3,1.2,0.254,0.6,1.3,0.5,0.444,0.3,0.5,0.607,0.6,1.7,2.2,1.1,0.3,0.1,0.5,1,2.5,,OKC,,
15,Branden Carlson,25,C,32,0,7.7,1.3,3,0.443,0.7,2.1,0.333,0.7,1,0.677,0.557,0.4,0.6,0.778,0.5,1.2,1.7,0.4,0.2,0.7,0.2,0.7,3.8,,OKC,,
16,Alex Ducas,24,SG,21,0,6,0.6,1.4,0.4,0.5,1,0.476,0.1,0.4,0.222,0.567,0.1,0.1,1,0.4,0.8,1.2,0.2,0.2,0,0.2,0.6,1.7,,OKC,,
17,Adam Flagler,25,SG,37,0,5.5,0.7,2.6,0.26,0.4,1.9,0.194,0.3,0.6,0.458,0.333,0,0.1,0.5,0.2,0.5,0.7,0.3,0.2,0.1,0.1,0.4,1.8,,OKC,,
18,Malevy Leons,25,SF,6,0,3.5,0,0.3,0,0,0.2,0,0,0.2,0,0,0.3,0.7,0.5,0.2,0.3,0.5,0.2,0,0,0.2,0.7,0.3,,OKC,,
6,Anthony Black,21,PG,78,10,24.2,3.4,7.9,0.423,0.8,2.5,0.318,2.6,5.4,0.471,0.473,1.9,2.5,0.761,0.7,2.3,2.9,3.1,1.1,0.6,1.8,2.1,9.4,,ORL,,
7,Tristan Da Silva,23,SF,74,38,22,2.7,6.5,0.412,1.1,3.2,0.335,1.6,3.3,0.488,0.495,0.7,0.9,0.873,1,2.3,3.3,1.5,0.4,0.2,0.8,1.3,7.2,,ORL,,
8,Goga Bitadze,25,C,70,42,20.4,3,4.8,0.611,0,0.4,0.107,2.9,4.4,0.656,0.615,1.2,1.9,0.639,2.4,4.2,6.6,2,0.7,1.4,1,2.1,7.2,,ORL,,
10,Cole Anthony,24,PG,67,22,18.4,3.4,8.1,0.424,1.1,3.3,0.353,2.3,4.9,0.471,0.494,1.4,1.7,0.823,0.7,2.4,3,2.9,0.7,0.5,1.5,2.3,9.4,,ORL,,
12,Gary Harris,30,SG,48,3,14.8,1.1,2.8,0.383,0.8,2.1,0.356,0.3,0.7,0.469,0.519,0.1,0.3,0.583,0.4,0.9,1.3,0.6,0.5,0.3,0.4,0.9,3,,ORL,,
13,Trevelin Queen,27,SG,31,2,13.9,1.8,4.7,0.381,0.7,2.5,0.286,1.1,2.3,0.486,0.456,0.6,0.7,0.857,0.8,0.9,1.7,1.2,1,0.3,0.7,1.2,4.9,,ORL,,
14,Caleb Houstan,22,SF,58,6,13.6,1.4,3.3,0.421,1.1,2.8,0.4,0.3,0.5,0.533,0.589,0.3,0.3,0.882,0.3,1,1.3,0.6,0.4,0.1,0.2,1.1,4.1,,ORL,,
15,Cory Joseph,33,PG,50,16,12.2,1.2,3.1,0.403,0.8,2.1,0.364,0.5,0.9,0.489,0.529,0.3,0.4,0.778,0.3,1.1,1.5,1.4,0.5,0.1,0.4,1,3.5,,ORL,,
16,Jett Howard,21,SF,60,0,11.7,1.6,4.4,0.374,0.9,3.1,0.296,0.7,1.3,0.566,0.479,0.3,0.4,0.696,0.3,0.8,1.2,0.7,0.2,0.2,0.6,1.1,4.5,,ORL,,
17,Mac McClung,26,SG,2,0,5,0,1,0,0,0.5,0,0,0.5,0,0,0,0,,0,0.5,0.5,1.5,0,0,0,1,0,,ORL,,
7,Guerschon Yabusele,29,C,70,43,27.1,4,8,0.501,1.5,3.9,0.38,2.5,4.1,0.616,0.593,1.4,2,0.725,1.9,3.7,5.6,2.1,0.8,0.3,1.2,2.3,11,,PHI,,
8,Justin Edwards,21,SF,44,26,26.3,3.9,8.6,0.455,1.6,4.3,0.363,2.3,4.3,0.548,0.546,0.7,1,0.696,1,2.3,3.4,1.6,1,0.4,1.1,2.2,10.1,,PHI,,
10,Marcus Bagley,23,SF,10,4,25.3,2.7,6.9,0.391,0.5,3.2,0.156,2.2,3.7,0.595,0.428,0.8,1,0.8,2.3,4.7,7,1,0.9,1.2,0.7,1.6,6.7,,PHI,,
13,Lonnie Walker IV,26,SG,20,7,23.9,4.5,10.6,0.42,2.3,6.4,0.354,2.2,4.3,0.518,0.526,1.2,1.5,0.8,0.3,2.9,3.2,2.5,0.5,0.3,1.3,1.4,12.4,,PHI,,
14,Oshae Brissett,26,SF,6,2,23.7,3.2,6.5,0.487,1,3,0.333,2.2,3.5,0.619,0.564,1.3,2.3,0.571,1.2,2.5,3.7,0.7,0.7,0.5,1.3,2.3,8.7,,PHI,,
17,Eric Gordon,36,SG,39,13,19.7,2.2,5.2,0.426,1.4,3.5,0.409,0.8,1.7,0.463,0.564,0.9,1.2,0.75,0.2,1,1.2,1.7,0.7,0.3,0.7,0.8,6.8,,PHI,,
19,Kyle Lowry,38,PG,35,12,18.8,1.2,3.3,0.35,0.8,2.5,0.33,0.3,0.8,0.414,0.474,0.8,0.9,0.818,0.3,1.6,1.9,2.7,0.9,0.3,0.6,1.8,3.9,,PHI,,
21,Ricky Council IV,23,SF,73,12,17.1,2.4,6.3,0.382,0.8,2.9,0.258,1.7,3.4,0.488,0.442,1.7,2.1,0.804,0.7,2.2,2.9,1.3,0.4,0.2,0.7,0.9,7.3,,PHI,,
22,Isaiah Mobley,25,PF,1,0,17,2,7,0.286,1,3,0.333,1,4,0.25,0.357,1,2,0.5,1,3,4,5,1,1,0,3,6,,PHI,,
23,Adem Bona,21,C,58,11,15.6,2.3,3.3,0.703,0,0,0,2.3,3.3,0.707,0.703,1.2,1.7,0.67,1.6,2.6,4.2,0.5,0.4,1.2,1.1,2.2,5.8,,PHI,,
25,Jeff Dowtin,27,PG,41,3,15.1,2.7,5.6,0.487,0.7,1.7,0.4,2,3.9,0.525,0.548,0.8,1.1,0.733,0.3,1.2,1.5,1.9,0.6,0.3,0.4,0.7,7,,PHI,,
26,Reggie Jackson,34,PG,31,1,12.4,1.7,4.3,0.391,0.8,2.4,0.338,0.9,1.9,0.458,0.485,0.2,0.3,0.778,0.3,1.1,1.4,1.5,0.5,0.1,0.5,1.1,4.4,,PHI,,
29,Phillip Wheeler,22,PF,5,0,8.8,0.6,4.2,0.143,0,2,0,0.6,2.2,0.273,0.143,0.4,0.4,1,0.4,1.2,1.6,0.4,0.2,0.4,0.2,0.2,1.6,,PHI,,
5,Royce O'Neale,31,SF,75,22,24.5,3.2,7.6,0.423,2.4,5.9,0.406,0.8,1.7,0.481,0.58,0.3,0.3,0.731,0.7,3.9,4.7,2.2,0.9,0.5,0.9,2,9.1,,PHO,,
9,Ryan Dunn,22,SF,74,44,19.1,2.8,6.4,0.43,1.1,3.6,0.311,1.7,2.9,0.577,0.516,0.3,0.5,0.487,1.2,2.4,3.6,0.8,0.6,0.5,0.5,2.2,6.9,,PHO,,
10,Mason Plumlee,34,C,74,21,17.6,1.7,2.7,0.619,0,0.1,0,1.7,2.7,0.631,0.619,1.1,1.7,0.648,1.6,4.6,6.1,1.8,0.4,0.6,0.8,2.1,4.5,,PHO,,
11,Oso Ighodaro,22,PF,61,6,17.1,1.9,3.1,0.604,0,0,0,1.9,3,0.611,0.604,0.5,0.8,0.58,1.1,2.6,3.6,1.2,0.5,0.5,0.6,1.7,4.2,,PHO,,
13,Collin Gillespie,25,PG,33,9,14,2.1,4.8,0.43,1.2,2.7,0.433,0.9,2.1,0.426,0.554,0.6,0.7,0.864,0.7,1.7,2.4,2.4,0.6,0.2,0.5,0.9,5.9,,PHO,,
15,Monte Morris,29,PG,45,0,12.7,1.8,4.3,0.426,0.7,1.9,0.36,1.2,2.4,0.477,0.505,0.8,0.9,0.857,0.3,1.2,1.5,1.6,0.4,0.1,0.5,0.5,5.2,,PHO,,
16,Bol Bol,25,PF,36,10,12.4,2.7,5.1,0.525,0.9,2.6,0.344,1.8,2.5,0.711,0.612,0.6,0.7,0.769,0.6,2.3,2.9,0.6,0.3,0.7,0.6,0.6,6.8,,PHO,,
17,TyTy Washington Jr.,23,PG,16,0,7.4,0.9,2.8,0.311,0.3,1.3,0.19,0.6,1.5,0.417,0.356,0.2,0.4,0.5,0.3,0.6,0.8,1,0.2,0,0.2,0.3,2.2,,PHO,,
18,Damion Lee,32,SG,25,0,5.8,1.1,3,0.365,0.4,1.5,0.243,0.7,1.5,0.486,0.426,0.8,0.8,0.952,0.1,0.7,0.8,0.4,0.2,0,0.4,0.2,3.3,,PHO,,
20,Jalen Bridges,23,SF,8,0,3.8,0.3,0.9,0.286,0.3,0.9,0.286,0,0,,0.429,0.4,0.5,0.75,0,0.5,0.5,0,0,0,0.5,0,1.1,,PHO,,
1,Toumani Camara,24,PF,78,78,32.7,4.2,9.2,0.458,1.7,4.6,0.375,2.5,4.6,0.542,0.552,1.2,1.6,0.722,2.2,3.6,5.8,2.2,1.5,0.6,1.4,2.9,11.3,,POR,,
8,Matisse Thybulle,27,SG,15,5,20.8,2.8,5.9,0.477,1.4,3.2,0.438,1.4,2.7,0.525,0.597,0.5,1,0.467,0.9,2.5,3.5,1.9,2.2,0.6,0.9,0.9,7.5,,POR,,
10,Robert Williams,27,C,20,3,17.6,2.5,3.9,0.641,0.1,0.2,0.333,2.5,3.8,0.653,0.647,0.8,0.9,0.882,1.8,4.2,5.9,1.1,0.7,1.7,0.9,1.6,5.8,,POR,,
11,Dalano Banton,25,PG,67,7,16.7,3,7.6,0.391,1.1,3.3,0.324,1.9,4.3,0.442,0.462,1.4,1.9,0.728,0.4,1.6,2,2.4,0.6,0.5,1.3,0.9,8.3,,POR,,
12,Kris Murray,24,SF,69,6,15.1,1.7,4,0.419,0.4,1.7,0.225,1.3,2.3,0.566,0.468,0.4,0.8,0.456,1.1,1.5,2.6,1,0.5,0.2,0.6,1,4.2,,POR,,
13,Jabari Walker,22,SF,60,1,12.5,2,3.8,0.515,0.5,1.2,0.389,1.5,2.6,0.573,0.576,0.8,1.2,0.69,1,2.5,3.5,0.6,0.6,0.1,0.6,1.5,5.2,,POR,,
15,Duop Reath,28,C,46,0,10.2,1.5,3.6,0.422,0.7,2.3,0.321,0.8,1.3,0.6,0.524,0.4,0.5,0.909,1,1,2,0.6,0.3,0.3,0.3,0.9,4.2,,POR,,
16,Taze Moore,26,SG,2,0,10,1,5,0.2,0.5,2,0.25,0.5,3,0.167,0.25,0.5,1,0.5,2,2,4,0.5,1,0,1,0,3,,POR,,
17,Rayan Rupert,20,SG,52,0,8.8,1.1,2.7,0.408,0.3,1.1,0.271,0.8,1.6,0.506,0.465,0.4,0.6,0.767,0.5,0.8,1.3,0.5,0.3,0.1,0.6,0.7,3,,POR,,
18,Justin Minaya,25,SF,19,0,5.3,0.4,1.1,0.381,0.1,0.5,0.2,0.3,0.6,0.545,0.429,0,0.1,0,0.3,0.3,0.5,0.4,0.3,0.1,0.3,0.6,0.9,,POR,,
19,Bryce McGowens,22,SG,13,0,2.5,0.3,1.1,0.286,0,0.3,0,0.3,0.8,0.4,0.286,0.4,0.5,0.833,0.2,0.1,0.2,0.2,0.1,0,0.3,0.2,1,,POR,,
9,Trey Lyles,29,PF,69,5,19.6,2.3,5.4,0.42,1.2,3.4,0.34,1.1,2,0.559,0.528,0.8,1.2,0.7,1.2,3.4,4.6,1.2,0.6,0.3,0.6,1.2,6.5,,SAC,,
12,Jae Crowder,34,PF,9,2,11.4,0.8,2.4,0.318,0.4,1.7,0.267,0.3,0.8,0.429,0.409,0.6,0.7,0.833,0.7,1.6,2.2,0.7,0.3,0,0.4,1.1,2.6,,SAC,,
13,Devin Carter,22,PG,36,0,11,1.3,3.5,0.37,0.5,1.7,0.295,0.8,1.8,0.439,0.441,0.7,1.2,0.591,0.5,1.6,2.1,1.1,0.6,0.1,0.5,1.1,3.8,,SAC,,
14,Markelle Fultz,26,PG,21,0,8.8,1.3,3.2,0.418,0.2,0.4,0.5,1.1,2.8,0.407,0.448,0,0,1,0.3,0.7,1,1.3,0.5,0.1,0.7,0.6,2.9,,SAC,,
15,Doug McDermott,33,SF,42,3,8.1,1.2,2.8,0.427,1,2.4,0.436,0.1,0.4,0.375,0.615,0.1,0.1,0.6,0.1,0.5,0.5,0.2,0.1,0,0.1,0.7,3.5,,SAC,,
16,Terence Davis,27,SG,1,0,8,0,2,0,0,1,0,0,1,0,0,0,0,,0,1,1,1,0,0,0,0,0,,SAC,,
17,Isaac Jones,24,PF,40,0,7.6,1.4,2.1,0.651,0.1,0.2,0.375,1.3,1.9,0.68,0.669,0.6,0.9,0.639,0.6,0.9,1.4,0.3,0.1,0.3,0.4,0.8,3.4,,SAC,,
22,Mason Jones,26,SG,10,0,4.5,0.9,1.8,0.5,0.1,0.8,0.125,0.8,1,0.8,0.528,0.4,0.5,0.8,0.2,0.7,0.9,1.1,0,0.1,0.1,0.3,2.3,,SAC,,
23,Isaiah Crawford,23,SF,15,0,3.1,0.3,0.7,0.455,0.1,0.3,0.2,0.3,0.4,0.667,0.5,0.1,0.3,0.5,0.1,0.5,0.5,0.1,0.1,0.1,0.1,0.1,0.9,,SAC,,
24,Skal Labissière,28,PF,4,0,3,0.5,1,0.5,0.3,0.3,1,0.3,0.8,0.333,0.625,0,0,,0.3,0.5,0.8,0.3,0,0,0,0.3,1.3,,SAC,,
25,Terry Taylor,25,PF,3,0,2,0,0.3,0,0,0,,0,0.3,0,0,0,0,,0.3,0,0.3,0.7,0,0,0,0,0,,SAC,,
9,Julian Champagnie,23,SF,82,29,23.6,3.4,8.1,0.415,2.2,5.9,0.371,1.2,2.3,0.53,0.549,1,1.1,0.904,0.8,3.1,3.9,1.4,0.7,0.4,0.9,1.4,9.9,,SAS,,
10,Bismack Biyombo,32,C,28,26,18.9,2.4,4.1,0.588,0,0,,2.4,4.1,0.588,0.588,0.4,0.9,0.4,1.5,4.1,5.6,1.1,0.6,0.8,1,1.9,5.1,,SAS,,
12,Blake Wesley,21,SG,58,0,11.8,1.4,3.2,0.435,0.3,1,0.293,1.1,2.2,0.5,0.481,0.7,1.1,0.623,0.3,0.8,1.1,2,0.6,0.1,0.9,0.8,3.7,,SAS,,
14,Sandro Mamukelashvili,25,PF,61,0,11.2,2.3,4.6,0.502,1,2.6,0.373,1.3,2,0.675,0.609,0.7,1,0.741,1,2,3.1,0.8,0.4,0.3,0.4,1,6.3,,SAS,,
15,Charles Bassey,24,C,36,1,10.4,1.9,3.3,0.581,0,0,,1.9,3.3,0.581,0.581,0.6,0.9,0.636,1.6,2.7,4.2,0.5,0.4,0.8,0.6,1.4,4.4,,SAS,,
16,Malaki Branham,21,SG,47,0,9.1,1.9,4,0.458,0.7,1.8,0.405,1.1,2.3,0.5,0.547,0.6,0.7,0.818,0.1,0.9,1.1,0.8,0.2,0,0.7,0.6,5,,SAS,,
17,Riley Minix,24,SF,1,0,7,0,1,0,0,1,0,0,0,,0,0,0,,0,2,2,0,0,0,0,0,0,,SAS,,
18,Harrison Ingram,22,SF,5,0,7,0.4,0.8,0.5,0,0.2,0,0.4,0.6,0.667,0.5,0,0,,0.4,1.4,1.8,0.6,0.6,0,0.2,0.4,0.8,,SAS,,
20,David Duke Jr.,25,SG,6,0,5.7,1,2.3,0.429,0.5,1,0.5,0.5,1.3,0.375,0.536,0.2,0.3,0.5,0.2,0.7,0.8,0.7,0.2,0,0.3,0.2,2.7,,SAS,,
6,Ochai Agbaji,24,SG,64,45,27.2,4.2,8.3,0.498,1.6,4,0.399,2.6,4.4,0.587,0.593,0.5,0.8,0.708,1,2.8,3.8,1.5,0.9,0.5,0.8,2,10.4,,TOR,,
10,Ja'Kobe Walter,20,SG,52,18,21.2,3.1,7.6,0.405,1.3,3.6,0.349,1.8,4,0.454,0.487,1.3,1.6,0.795,1.1,1.9,3.1,1.6,0.8,0.2,1,1.8,8.6,,TOR,,
11,Jonathan Mogbo,23,PF,63,18,20.4,2.5,5.7,0.438,0.3,1.1,0.243,2.2,4.5,0.486,0.462,1,1.3,0.732,1.7,3.2,4.9,2.3,0.9,0.5,1.1,2.2,6.2,,TOR,,
14,Jamal Shead,22,PG,75,11,19.6,2.7,6.7,0.405,1,3,0.323,1.8,3.7,0.47,0.476,0.7,0.9,0.768,0.4,1.1,1.5,4.2,0.8,0.1,1.6,2.1,7.1,,TOR,,
16,A.J. Lawson,24,SG,26,2,18.7,3.1,7.3,0.421,1.3,3.9,0.327,1.8,3.4,0.528,0.508,1.7,2.4,0.683,0.8,2.5,3.3,1.2,0.5,0.2,0.6,1.7,9.1,,TOR,,
17,Jamison Battle,23,SF,59,10,17.7,2.5,5.9,0.429,1.8,4.4,0.405,0.7,1.5,0.5,0.581,0.3,0.3,0.889,0.6,2.1,2.7,0.9,0.3,0.2,0.5,1.6,7.1,,TOR,,
18,Chris Boucher,32,PF,50,0,17.2,3.6,7.4,0.492,1.4,3.9,0.363,2.2,3.5,0.633,0.586,1.4,1.7,0.782,1.4,3.1,4.5,0.7,0.5,0.5,0.6,1.4,10,,TOR,,
20,Bruno Fernando,26,C,17,2,8.6,1.5,2.9,0.531,0,0,,1.5,2.9,0.531,0.531,0.4,0.5,0.75,1.2,1.8,3,1.1,0.2,0.5,0.8,1.6,3.4,,TOR,,
21,D.J. Carton,24,SG,4,0,8.3,0.3,1.8,0.143,0,0.8,0,0.3,1,0.25,0.143,0.3,0.3,1,0,1,1,0.8,0.5,0,1,0.3,0.8,,TOR,,
22,Garrett Temple,38,SG,28,0,8.1,0.6,2.1,0.3,0.2,1,0.214,0.4,1.1,0.375,0.35,0.4,0.4,0.917,0.3,0.7,1,1.1,0.6,0.1,0.4,0.8,1.9,,TOR,,
23,Ulrich Chomche,19,PF,7,0,4.6,0.3,0.7,0.4,0,0,,0.3,0.7,0.4,0.4,0.1,0.3,0.5,0.6,0.6,1.1,0.3,0,0.1,0.3,0.7,0.7,,TOR,,
7,Isaiah Collier,20,PG,71,46,25.9,3.3,7.8,0.422,0.6,2.4,0.249,2.7,5.4,0.497,0.459,1.5,2.2,0.682,0.5,2.9,3.3,6.3,0.9,0.2,2.9,2.1,8.7,,UTA,,
10,Cody Williams,20,SG,50,21,21.2,1.7,5.1,0.323,0.7,2.7,0.259,1,2.4,0.393,0.391,0.6,0.8,0.725,0.5,1.7,2.3,1.2,0.5,0.3,0.9,1.9,4.6,,UTA,,
11,Kyle Filipowski,21,C,72,27,21.1,3.6,7.2,0.502,1.1,3.1,0.35,2.5,4.1,0.614,0.576,1.3,2,0.65,1.6,4.6,6.1,1.9,0.7,0.3,1.4,2.4,9.6,,UTA,,
12,Brice Sensabaugh,21,SF,71,15,20.2,3.9,8.4,0.459,2.2,5.2,0.422,1.7,3.2,0.52,0.59,0.9,1,0.89,0.6,2.4,3,1.5,0.6,0.1,1.5,1.6,10.9,,UTA,,
13,Svi Mykhailiuk,27,SF,38,13,20,3.1,7.9,0.391,1.8,5.3,0.345,1.3,2.6,0.485,0.507,0.7,0.9,0.8,0.6,1.8,2.4,2,0.5,0.2,1.4,1.1,8.8,,UTA,,
14,Johnny Juzang,23,SG,64,18,19.8,3.2,7.4,0.429,1.8,4.9,0.376,1.3,2.5,0.534,0.554,0.7,0.8,0.849,0.7,2.2,2.9,1.1,0.6,0.1,0.6,2,8.9,,UTA,,
15,Micah Potter,26,C,38,10,18.6,1.5,3.6,0.422,0.8,2.6,0.316,0.7,1,0.703,0.537,0.4,0.5,0.85,1.1,3.2,4.3,0.8,0.4,0.4,0.8,1.3,4.3,,UTA,,
16,Oscar Tshiebwe,25,C,14,1,18.2,3,5,0.6,0,0,,3,5,0.6,0.6,1.6,2.2,0.742,3.3,5.4,8.7,0.6,0.9,0.1,0.7,1.7,7.6,,UTA,,
19,Elijah Harkless,24,SG,10,0,13.8,1.1,3.5,0.314,0.7,2.5,0.28,0.4,1,0.4,0.414,0.3,0.6,0.5,0.9,1.2,2.1,0.8,1,0.1,0.3,1.8,3.2,,UTA,,
2,Bub Carrington,19,PG,82,57,30,3.7,9.1,0.401,1.7,5,0.339,2,4.2,0.475,0.493,0.8,1,0.812,0.4,3.8,4.2,4.4,0.7,0.3,1.7,2.3,9.8,,WAS,,
7,Kyshawn George,21,SG,68,38,26.5,3,8,0.372,1.7,5.2,0.322,1.3,2.8,0.464,0.476,1,1.4,0.753,0.7,3.5,4.2,2.5,1,0.7,1.4,3,8.7,,WAS,,
12,Justin Champagnie,23,SF,62,31,21.6,3.4,6.6,0.511,1.2,3.1,0.383,2.2,3.5,0.624,0.601,0.8,1.2,0.685,1.8,3.9,5.7,1,1,0.6,0.9,1.8,8.8,,WAS,,
17,Richaun Holmes,31,PF,31,7,17.2,2.9,4.5,0.647,0,0.1,0,2.9,4.4,0.662,0.647,1.6,1.9,0.833,2,3.7,5.7,1.4,0.3,0.7,0.7,1.6,7.4,,WAS,,
18,Tristan Vukcevic,21,C,35,1,14.7,3.4,6.9,0.496,1.1,2.9,0.373,2.3,4,0.586,0.574,1.5,1.9,0.776,0.7,3,3.7,1.1,0.3,0.7,1.2,1.6,9.4,,WAS,,
21,Anthony Gill,32,PF,51,0,7.8,0.8,1.7,0.489,0.2,0.6,0.323,0.6,1.1,0.579,0.545,0.6,1,0.66,0.4,0.9,1.3,0.3,0.2,0,0.2,0.6,2.5,,WAS,,
22,Johnny Davis,22,SG,34,0,7.1,0.9,2.3,0.41,0.2,0.9,0.241,0.7,1.4,0.51,0.455,0.3,0.4,0.6,0.3,0.8,1.1,0.3,0.4,0.2,0.2,0.5,2.4,,WAS,,
24,Jalen McDaniels,27,SF,4,0,1.8,0,0,,0,0,,0,0,,,0,0,,0,0,0,0.3,0.3,0,0,0,0,,WAS,,
0,Jacob Toppin,24,SF,17,0,4.5,0.5,1.3,0.385,0.3,0.6,0.5,0.2,0.7,0.286,0.3,0,0,,0.2,0.7,0.9,0.4,0.1,0,0.2,0.2,1.4,,NYK,,
0,Georges Niang,31,PF,79,3,21.5,3.7,7.8,0.462,2.1,5.2,0.404,1.5,2.6,0.577,0.6,0.6,0.7,0.857,0.6,2.8,3.5,1.4,0.3,0.2,1,2.5,9.9,,ATL,,
0,David Roddy,23,PF,33,3,12.4,1.7,3.7,0.436,0.6,1.9,0.316,1.1,2,0.55,0.5,0.6,0.8,0.75,0.4,2.2,2.6,1.1,0.4,0.3,0.6,0.6,4.6,,HOU,,
0,Torrey Craig,34,SF,26,4,12.1,1.4,3.4,0.412,0.9,2.5,0.36,0.5,0.9,0.556,0.5,0.3,0.5,0.6,1,1.8,2.8,0.7,0.3,0.4,0.3,1.3,4.2,,BOS,,
0,Jaden Springer,22,SG,43,2,8.5,0.9,2.1,0.381,0.3,1.1,0.273,0.5,1,0.5,0.5,0.6,0.9,0.667,0.4,1,1.3,0.8,0.6,0.1,0.4,1,2.5,,UTA,,
0,Shake Milton,28,SG,57,2,14.7,2,4.4,0.444,0.6,1.9,0.316,1.4,2.6,0.538,0.5,0.8,1,0.8,0.5,1.3,1.8,1.8,0.4,0.1,0.7,1.2,5.6,,LAL,,
0,Maxwell Lewis,22,SF,28,1,11.7,1.6,3.9,0.41,0.7,1.8,0.389,0.9,2.1,0.429,0.5,0.2,0.4,0.5,0.7,1.4,1.9,0.7,0.3,0.2,0.5,1,4.1,,BRK,,
0,Reece Beekman,23,PG,36,4,13,1,3,0.345,0.2,1.1,0.182,0.8,1.8,0.444,0.4,0.5,0.6,0.833,0.4,0.8,1.1,1.7,0.9,0.1,0.6,1,2.6,,BRK,,
0,Jaylen Martin,21,SF,16,0,14.9,1.9,4.6,0.444,0.5,1.4,0.357,1.5,3.1,0.484,0.5,0.6,0.7,0.857,0.7,2,2.8,1.1,0.6,0,0.7,0.9,4.9,,WAS,,
0,Kevin Huerter,26,SG,69,31,24.3,3.8,8.7,0.42,1.9,5.7,0.333,1.8,3.1,0.581,0.5,0.5,0.7,0.714,0.4,2.5,3,2.3,1,0.4,1,1.8,9.9,,CHI,,
0,Cody Martin,29,SF,53,8,22.1,2.6,6.2,0.403,0.8,2.9,0.276,1.7,3.3,0.515,0.5,0.8,1.2,0.667,1,3.2,4.2,2,1,0.6,1,1.7,6.7,,PHO,,
0,Vasilije Micić,31,PG,41,16,19.1,2.3,6.7,0.343,1.1,3.1,0.355,1.2,3.6,0.333,,0.8,1,0.8,0.5,1.7,2.2,3.1,0.4,0,1.9,1.1,6.6,,PHO,,
0,Elfrid Payton,30,PG,24,9,21.3,1.7,5.1,0.34,0.1,0.2,0.5,1.6,4.8,0.333,0.3,0.1,0.3,0.333,0.7,2.7,3.3,6.9,1,0.4,2.5,1.5,3.6,,NOP,,
0,Josh Okogie,26,SG,40,7,15.6,2.3,5.3,0.453,0.8,2.3,0.348,1.6,3,0.533,0.5,1.6,2.1,0.762,1.1,1.7,2.8,0.9,1.2,0.4,0.8,1.2,7.1,,CHO,,
0,Wendell Moore Jr.,23,SG,36,1,13.9,1.7,3.5,0.486,0.4,1.1,0.364,1.3,2.4,0.542,0.5,0.5,0.6,0.833,0.9,1.8,2.6,1.2,0.5,0.2,0.8,0.9,4.2,,CHO,,
0,Jared Rhoden,25,SG,14,2,16.2,3,6.2,0.484,0.9,2.8,0.321,2.1,3.4,0.618,0.5,1.6,1.8,0.889,1,2,3,1.1,0.7,0.1,0.7,1.4,8.4,,TOR,,
0,Chuma Okeke,26,PF,9,3,21.8,2.2,4.4,0.489,1.2,3.1,0.387,1,1.4,0.714,0.6,0.2,0.3,0.667,2.4,2.9,5.2,1.7,0.5,0.4,0.3,0.5,5.9,,CLE,,
0,Javonte Green,31,SG,68,19,18.5,1.8,4.2,0.429,0.7,2.1,0.333,1.1,2.1,0.524,0.5,0.8,1.1,0.727,0.9,2.4,3.2,0.8,1,0.5,0.5,1.4,5.1,,CLE,,
0,JT Thor,22,PF,20,0,12.5,1.3,3,0.433,0.3,1.1,0.273,1,1.9,0.526,0.5,0.7,1.1,0.636,1,1.4,2.4,0.3,0.4,0.4,0.5,0.9,3.5,,WAS,,
0,Max Christie,21,SG,78,36,27.3,3.3,7.6,0.44,1.5,4,0.375,1.8,3.5,0.514,0.5,1.7,1.9,0.895,0.5,2.8,3.3,1.9,0.8,0.4,1.1,1.5,9.6,,DAL,,
0,Quentin Grimes,24,SG,75,37,26.9,5.1,11,0.464,2.1,5.6,0.375,3,5.4,0.556,0.6,2.2,2.9,0.759,0.7,3.5,4.3,3,1,0.3,1.9,1.8,14.6,,PHI,,
0,Kai Jones,24,C,40,6,11.7,2.2,2.7,0.75,0,0.2,0,2.1,2.6,0.808,0.8,0.6,0.8,0.75,1,2.1,3.1,0.7,0.4,0.6,0.5,1.2,5,,DAL,,
0,Moses Brown,25,C,13,2,9.2,2.6,3.8,0.684,0,0,,2.6,3.8,0.684,0.7,0.6,0.9,0.667,0.9,2.5,3.4,0.2,0.4,0.3,0.9,1.3,5.8,,DAL,,
0,Kylor Kelley,27,C,11,2,11.5,1.3,2,0.65,0,0,,1.3,2,0.65,0.7,0.6,0.9,0.667,1.1,2.4,3.5,0.5,0.1,0.3,0.3,1.4,3.1,,NOP,,
0,Markieff Morris,35,PF,15,2,11,1.4,4.6,0.298,0.6,2.4,0.25,0.8,2.3,0.348,0.3,0.3,0.4,0.75,0.2,1.3,1.5,1.4,0.1,0.2,0.4,1.1,3.7,,LAL,,
0,Lindy Waters III,27,SG,52,9,14.9,1.8,4.8,0.354,1.2,3.6,0.333,0.5,1.2,0.417,0.5,0.1,0.2,0.5,0.4,1.7,2.1,1,0.5,0.2,0.3,1.2,4.9,,DET,,
0,Cole Swider,25,SF,10,0,16.9,2.2,6.3,0.349,1.5,4.7,0.319,0.7,1.6,0.437,0.4,0,0.1,0,0.5,2.2,2.7,0.3,0.4,0.2,0.4,1.2,5.9,,TOR,,
0,Thomas Bryant,27,C,66,8,14.6,2.5,4.8,0.521,0.8,2.2,0.364,1.7,2.6,0.654,0.6,0.8,0.9,0.889,1.3,2.5,3.8,0.8,0.4,0.6,0.5,1.2,6.5,,IND,,
0,Tristen Newton,23,SG,8,0,2,0.1,1,0.1,0,0.4,0,0.1,0.6,0.167,0.1,0.1,0.1,1,0.3,0.3,0.5,0.2,0.1,0,0.2,0.5,0.4,,MIN,,
0,Mo Bamba,26,C,32,2,12.9,1.6,3.5,0.457,0.4,1.7,0.235,1.2,1.8,0.667,0.5,0.6,0.8,0.75,1,3.6,4.5,0.6,0.3,1,0.6,1.8,4.3,,NOP,,
0,Bones Hyland,24,PG,24,0,10,2,5,0.4,1.4,3.4,0.412,0.6,1.6,0.375,0.6,1,1.1,0.909,0.2,0.9,1.1,1.3,0.8,0.2,1.1,1.2,6.2,,MIN,,
0,Drew Eubanks,27,C,61,4,12.3,1.9,3.2,0.594,0.1,0.1,1,1.8,3.1,0.581,0.6,0.8,1.1,0.727,1,2.8,3.7,0.9,0.2,0.7,0.6,1,4.6,,LAC,,
0,MarJon Beauchamp,24,SF,35,0,4.5,0.8,1.8,0.444,0.3,0.8,0.375,0.5,1,0.5,0.5,0.4,0.6,0.667,0.3,1,1.2,0.3,0.1,0,0.4,0.4,2.3,,NYK,,
0,Patty Mills,36,PG,29,0,11.1,1.2,3.3,0.364,0.9,2.6,0.346,0.3,0.7,0.429,0.6,0.5,0.5,1,0.2,0.6,0.7,0.9,0.5,0.1,0.6,0.8,3.9,,LAC,,
0,Patrick Baldwin Jr.,22,SF,24,0,4.5,0.8,1.5,0.533,0.5,1,0.5,0.3,0.5,0.6,0.8,0.1,0.2,0.5,0.2,0.9,1,0.1,0.1,0.1,0.2,0.3,2.2,,LAC,,
0,Alex Len,31,C,46,7,8.3,0.7,1.3,0.5,0,0.2,0,0.7,1.2,0.583,0.5,0.2,0.4,0.5,0.8,1.3,2.1,0.8,0.2,0.5,0.4,1.2,1.6,,LAL,,
0,Trey Jemison,25,C,38,0,10.3,1.1,1.9,0.579,0,0,,1.1,1.9,0.579,0.6,0.3,0.8,0.375,1.2,1.6,2.8,0.4,0.2,0.4,0.6,1.8,2.5,,LAL,,
0,Jake LaRavia,23,PF,66,0,20.4,2.4,5.1,0.52,1,2.1,0.476,1.6,2.9,0.552,0.6,1.2,1.7,0.706,1.3,2.5,3.9,2.4,0.9,0.3,1.3,2,7,,SAC,,
0,Colin Castleton,24,C,26,4,16.6,1.8,3.8,0.474,0.1,0.6,0.167,1.7,3.2,0.531,0.4,1.1,1.4,0.786,2,2.6,4.7,1.1,0.3,0.4,0.9,2,4.7,,TOR,,
0,Davion Mitchell,26,PG,74,37,27.4,3,6.4,0.477,1.2,2.9,0.414,1.9,3.6,0.528,0.6,0.8,1.1,0.727,0.5,1.8,2.2,4.9,1,0.2,1.8,2.5,7.9,,MIA,,
0,Delon Wright,32,PG,40,7,15.9,1.1,3.3,0.333,0.5,1.8,0.278,0.6,1.5,0.4,0.4,0.3,0.6,0.5,0.7,1,1.7,1.9,0.9,0.3,0.5,0.7,3.1,,NYK,,
0,Jericho Sims,26,C,53,5,11.9,0.8,1.4,0.571,0,0,,0.8,1.4,0.571,0.6,0.1,0.2,0.5,1.3,2.4,3.7,0.7,0.2,0.4,0.6,1.3,1.8,,MIL,,
0,Pete Nance,24,PF,13,1,10.6,1.1,2.4,0.458,0.7,1.8,0.389,0.4,0.6,0.667,0.6,0.1,0.2,0.5,0.4,1.2,1.6,0.8,0.1,0.1,0.3,1.3,2.9,,MIL,,
0,AJ Johnson,20,SG,29,11,22,2.8,7.3,0.392,0.9,3.1,0.29,2,4.3,0.465,0.5,1.1,1.3,0.846,0.3,1.8,2.1,2.6,0.4,0.1,1.2,1.7,7.6,,WAS,,
0,Bruce Brown,28,PG,41,12,22.5,3.2,7.5,0.421,0.7,2,0.35,2.5,5.6,0.446,0.5,1.3,1.6,0.812,1,3,4,2,0.8,0.3,1,1.7,8.3,,NOP,,
0,Lester Quiñones,24,SG,13,0,14.1,2.4,6,0.4,1,3.4,0.294,1.4,2.6,0.538,0.5,0.9,1,0.9,0.3,1.2,1.5,1.9,0.2,0.1,1.1,1.4,6.7,,NOP,,
0,Alex Reese,25,PF,15,0,14.4,1.7,3.6,0.472,1,2.7,0.37,0.7,0.9,0.778,0.6,0.6,0.8,0.75,0.6,2.5,3.1,0.3,0.7,0.7,0.4,1.4,5.1,,PHI,,
0,Jared Butler,24,SG,60,17,17.4,3.4,7.6,0.453,1,2.8,0.357,2.4,4.7,0.511,0.5,1.2,1.5,0.8,0.4,1.4,1.9,3.7,0.7,0.2,1.3,1.6,9,,PHI,,
0,KJ Martin,24,PF,43,16,21.2,2.5,4.7,0.543,0.3,1.3,0.231,2.2,3.3,0.667,0.6,0.9,1.1,0.818,0.7,2.2,2.9,1.1,0.4,0.5,0.5,2.4,6.4,,UTA,,
0,Sidy Cissoko,20,SF,22,0,5.2,0.6,1.4,0.538,0.2,0.6,0.333,0.5,0.7,0.714,0.5,0.2,0.4,0.5,0.4,0.6,1,0.7,0.1,0,0.5,0.5,1.5,,POR,,
0,Jordan McLaughlin,28,PG,46,0,6.8,0.7,1.6,0.4,0.4,1,0.4,0.2,0.5,0.4,0.6,0.4,0.5,0.8,0.1,0.5,0.7,1.1,0.4,0,0.4,0.4,2.1,,SAS,,
0,Orlando Robinson,24,C,44,8,17.5,2.6,6,0.458,0.4,1.2,0.333,2.3,4.7,0.489,0.5,1.2,1.6,0.75,2,3,5,1.7,0.4,0.3,1.1,2.3,6.9,,TOR,,
0,Colby Jones,22,SG,39,0,13.2,1.5,3.3,0.455,0.4,1.2,0.333,1.1,2.1,0.524,0.5,0.6,0.9,0.667,0.5,1.7,2.3,1.1,0.7,0.3,0.6,0.9,4,,WAS,,